Time,Value,MEASURE,Description
2012,14.8,ERP_6,Persons - 0-14 years (%)
2013,14.9,ERP_6,Persons - 0-14 years (%)
2014,14.9,ERP_6,Persons - 0-14 years (%)
2015,14.9,ERP_6,Persons - 0-14 years (%)
2016,14.9,ERP_6,Persons - 0-14 years (%)
2017,14.7,ERP_6,Persons - 0-14 years (%)
2012,16.1,ERP_7,Persons - 15-24 years (%)
2013,16.2,ERP_7,Persons - 15-24 years (%)
2014,16.4,ERP_7,Persons - 15-24 years (%)
2015,16.5,ERP_7,Persons - 15-24 years (%)
2016,16.7,ERP_7,Persons - 15-24 years (%)
2017,17,ERP_7,Persons - 15-24 years (%)
2012,19.4,ERP_8,Persons - 25-34 years (%)
2013,19.4,ERP_8,Persons - 25-34 years (%)
2014,19.3,ERP_8,Persons - 25-34 years (%)
2015,19.3,ERP_8,Persons - 25-34 years (%)
2016,19.3,ERP_8,Persons - 25-34 years (%)
2017,19.8,ERP_8,Persons - 25-34 years (%)
2012,15.4,ERP_9,Persons - 35-44 years (%)
2013,15.3,ERP_9,Persons - 35-44 years (%)
2014,15.1,ERP_9,Persons - 35-44 years (%)
2015,14.9,ERP_9,Persons - 35-44 years (%)
2016,14.7,ERP_9,Persons - 35-44 years (%)
2017,14.5,ERP_9,Persons - 35-44 years (%)
2012,11.9,ERP_10,Persons - 45-54 years (%)
2013,11.9,ERP_10,Persons - 45-54 years (%)
2014,11.9,ERP_10,Persons - 45-54 years (%)
2015,11.9,ERP_10,Persons - 45-54 years (%)
2016,11.9,ERP_10,Persons - 45-54 years (%)
2017,11.6,ERP_10,Persons - 45-54 years (%)
2012,9.3,ERP_11,Persons - 55-64 years (%)
2013,9.3,ERP_11,Persons - 55-64 years (%)
2014,9.3,ERP_11,Persons - 55-64 years (%)
2015,9.3,ERP_11,Persons - 55-64 years (%)
2016,9.3,ERP_11,Persons - 55-64 years (%)
2017,9.3,ERP_11,Persons - 55-64 years (%)
2012,6.6,ERP_12,Persons - 65-74 years (%)
2013,6.7,ERP_12,Persons - 65-74 years (%)
2014,6.8,ERP_12,Persons - 65-74 years (%)
2015,6.8,ERP_12,Persons - 65-74 years (%)
2016,6.9,ERP_12,Persons - 65-74 years (%)
2017,7,ERP_12,Persons - 65-74 years (%)
2012,4.4,ERP_13,Persons - 75-84 years (%)
2013,4.3,ERP_13,Persons - 75-84 years (%)
2014,4.2,ERP_13,Persons - 75-84 years (%)
2015,4.2,ERP_13,Persons - 75-84 years (%)
2016,4.1,ERP_13,Persons - 75-84 years (%)
2017,4.1,ERP_13,Persons - 75-84 years (%)
2012,2.1,ERP_14,Persons - 85 years and over (%)
2013,2.1,ERP_14,Persons - 85 years and over (%)
2014,2.2,ERP_14,Persons - 85 years and over (%)
2015,2.2,ERP_14,Persons - 85 years and over (%)
2016,2.2,ERP_14,Persons - 85 years and over (%)
2017,2.1,ERP_14,Persons - 85 years and over (%)
2012,4257,ERP_M_2,Males - 0-4 years (no.)
2013,4332,ERP_M_2,Males - 0-4 years (no.)
2014,4326,ERP_M_2,Males - 0-4 years (no.)
2015,4287,ERP_M_2,Males - 0-4 years (no.)
2016,4275,ERP_M_2,Males - 0-4 years (no.)
2017,4189,ERP_M_2,Males - 0-4 years (no.)
2012,3422,ERP_M_3,Males - 5-9 years (no.)
2013,3562,ERP_M_3,Males - 5-9 years (no.)
2014,3693,ERP_M_3,Males - 5-9 years (no.)
2015,3786,ERP_M_3,Males - 5-9 years (no.)
2016,3866,ERP_M_3,Males - 5-9 years (no.)
2017,3910,ERP_M_3,Males - 5-9 years (no.)
2012,2968,ERP_M_4,Males - 10-14 years (no.)
2013,3013,ERP_M_4,Males - 10-14 years (no.)
2014,3053,ERP_M_4,Males - 10-14 years (no.)
2015,3155,ERP_M_4,Males - 10-14 years (no.)
2016,3223,ERP_M_4,Males - 10-14 years (no.)
2017,3301,ERP_M_4,Males - 10-14 years (no.)
2012,3878,ERP_M_5,Males - 15-19 years (no.)
2013,4028,ERP_M_5,Males - 15-19 years (no.)
2014,4193,ERP_M_5,Males - 15-19 years (no.)
2015,4306,ERP_M_5,Males - 15-19 years (no.)
2016,4424,ERP_M_5,Males - 15-19 years (no.)
2017,4402,ERP_M_5,Males - 15-19 years (no.)
2012,7654,ERP_M_6,Males - 20-24 years (no.)
2013,7839,ERP_M_6,Males - 20-24 years (no.)
2014,7998,ERP_M_6,Males - 20-24 years (no.)
2015,8171,ERP_M_6,Males - 20-24 years (no.)
2016,8356,ERP_M_6,Males - 20-24 years (no.)
2017,8781,ERP_M_6,Males - 20-24 years (no.)
2012,7157,ERP_M_7,Males - 25-29 years (no.)
2013,7247,ERP_M_7,Males - 25-29 years (no.)
2014,7353,ERP_M_7,Males - 25-29 years (no.)
2015,7494,ERP_M_7,Males - 25-29 years (no.)
2016,7709,ERP_M_7,Males - 25-29 years (no.)
2017,8390,ERP_M_7,Males - 25-29 years (no.)
2012,6469,ERP_M_8,Males - 30-34 years (no.)
2013,6569,ERP_M_8,Males - 30-34 years (no.)
2014,6636,ERP_M_8,Males - 30-34 years (no.)
2015,6721,ERP_M_8,Males - 30-34 years (no.)
2016,6792,ERP_M_8,Males - 30-34 years (no.)
2017,6835,ERP_M_8,Males - 30-34 years (no.)
2012,5696,ERP_M_9,Males - 35-39 years (no.)
2013,5643,ERP_M_9,Males - 35-39 years (no.)
2014,5642,ERP_M_9,Males - 35-39 years (no.)
2015,5685,ERP_M_9,Males - 35-39 years (no.)
2016,5728,ERP_M_9,Males - 35-39 years (no.)
2017,5967,ERP_M_9,Males - 35-39 years (no.)
2012,5001,ERP_M_10,Males - 40-44 years (no.)
2013,5189,ERP_M_10,Males - 40-44 years (no.)
2014,5294,ERP_M_10,Males - 40-44 years (no.)
2015,5271,ERP_M_10,Males - 40-44 years (no.)
2016,5224,ERP_M_10,Males - 40-44 years (no.)
2017,5092,ERP_M_10,Males - 40-44 years (no.)
2012,4356,ERP_M_11,Males - 45-49 years (no.)
2013,4357,ERP_M_11,Males - 45-49 years (no.)
2014,4361,ERP_M_11,Males - 45-49 years (no.)
2015,4430,ERP_M_11,Males - 45-49 years (no.)
2016,4482,ERP_M_11,Males - 45-49 years (no.)
2017,4562,ERP_M_11,Males - 45-49 years (no.)
2012,3904,ERP_M_12,Males - 50-54 years (no.)
2013,4058,ERP_M_12,Males - 50-54 years (no.)
2014,4155,ERP_M_12,Males - 50-54 years (no.)
2015,4189,ERP_M_12,Males - 50-54 years (no.)
2016,4222,ERP_M_12,Males - 50-54 years (no.)
2017,4112,ERP_M_12,Males - 50-54 years (no.)
2012,3454,ERP_M_13,Males - 55-59 years (no.)
2013,3473,ERP_M_13,Males - 55-59 years (no.)
2014,3527,ERP_M_13,Males - 55-59 years (no.)
2015,3604,ERP_M_13,Males - 55-59 years (no.)
2016,3643,ERP_M_13,Males - 55-59 years (no.)
2017,3742,ERP_M_13,Males - 55-59 years (no.)
2012,2944,ERP_M_14,Males - 60-64 years (no.)
2013,2959,ERP_M_14,Males - 60-64 years (no.)
2014,3017,ERP_M_14,Males - 60-64 years (no.)
2015,3044,ERP_M_14,Males - 60-64 years (no.)
2016,3085,ERP_M_14,Males - 60-64 years (no.)
2017,3158,ERP_M_14,Males - 60-64 years (no.)
2012,2528,ERP_M_15,Males - 65-69 years (no.)
2013,2657,ERP_M_15,Males - 65-69 years (no.)
2014,2728,ERP_M_15,Males - 65-69 years (no.)
2015,2770,ERP_M_15,Males - 65-69 years (no.)
2016,2803,ERP_M_15,Males - 65-69 years (no.)
2017,2749,ERP_M_15,Males - 65-69 years (no.)
2012,1894,ERP_M_16,Males - 70-74 years (no.)
2013,1940,ERP_M_16,Males - 70-74 years (no.)
2014,2012,ERP_M_16,Males - 70-74 years (no.)
2015,2076,ERP_M_16,Males - 70-74 years (no.)
2016,2183,ERP_M_16,Males - 70-74 years (no.)
2017,2323,ERP_M_16,Males - 70-74 years (no.)
2012,1493,ERP_M_17,Males - 75-79 years (no.)
2013,1515,ERP_M_17,Males - 75-79 years (no.)
2014,1541,ERP_M_17,Males - 75-79 years (no.)
2015,1573,ERP_M_17,Males - 75-79 years (no.)
2016,1611,ERP_M_17,Males - 75-79 years (no.)
2017,1653,ERP_M_17,Males - 75-79 years (no.)
2012,1160,ERP_M_18,Males - 80-84 years (no.)
2013,1159,ERP_M_18,Males - 80-84 years (no.)
2014,1155,ERP_M_18,Males - 80-84 years (no.)
2015,1150,ERP_M_18,Males - 80-84 years (no.)
2016,1135,ERP_M_18,Males - 80-84 years (no.)
2017,1170,ERP_M_18,Males - 80-84 years (no.)
2012,1046,ERP_M_19,Males - 85 and over (no.)
2013,1065,ERP_M_19,Males - 85 and over (no.)
2014,1109,ERP_M_19,Males - 85 and over (no.)
2015,1127,ERP_M_19,Males - 85 and over (no.)
2016,1150,ERP_M_19,Males - 85 and over (no.)
2017,1149,ERP_M_19,Males - 85 and over (no.)
2012,69281,ERP_M_20,Males - Total (no.)
2013,70605,ERP_M_20,Males - Total (no.)
2014,71793,ERP_M_20,Males - Total (no.)
2015,72839,ERP_M_20,Males - Total (no.)
2016,73911,ERP_M_20,Males - Total (no.)
2017,75485,ERP_M_20,Males - Total (no.)
2012,3959,ERP_F_2,Females - 0-4 years (no.)
2013,4037,ERP_F_2,Females - 0-4 years (no.)
2014,4046,ERP_F_2,Females - 0-4 years (no.)
2015,4018,ERP_F_2,Females - 0-4 years (no.)
2016,4090,ERP_F_2,Females - 0-4 years (no.)
2017,4004,ERP_F_2,Females - 0-4 years (no.)
2012,3250,ERP_F_3,Females - 5-9 years (no.)
2013,3375,ERP_F_3,Females - 5-9 years (no.)
2014,3515,ERP_F_3,Females - 5-9 years (no.)
2015,3642,ERP_F_3,Females - 5-9 years (no.)
2016,3721,ERP_F_3,Females - 5-9 years (no.)
2017,3716,ERP_F_3,Females - 5-9 years (no.)
2012,2844,ERP_F_4,Females - 10-14 years (no.)
2013,2881,ERP_F_4,Females - 10-14 years (no.)
2014,2904,ERP_F_4,Females - 10-14 years (no.)
2015,2988,ERP_F_4,Females - 10-14 years (no.)
2016,3031,ERP_F_4,Females - 10-14 years (no.)
2017,3184,ERP_F_4,Females - 10-14 years (no.)
2012,3648,ERP_F_5,Females - 15-19 years (no.)
2013,3858,ERP_F_5,Females - 15-19 years (no.)
2014,4039,ERP_F_5,Females - 15-19 years (no.)
2015,4202,ERP_F_5,Females - 15-19 years (no.)
2016,4289,ERP_F_5,Females - 15-19 years (no.)
2017,4231,ERP_F_5,Females - 15-19 years (no.)
2012,7274,ERP_F_6,Females - 20-24 years (no.)
2013,7357,ERP_F_6,Females - 20-24 years (no.)
2014,7462,ERP_F_6,Females - 20-24 years (no.)
2015,7556,ERP_F_6,Females - 20-24 years (no.)
2016,7850,ERP_F_6,Females - 20-24 years (no.)
2017,8395,ERP_F_6,Females - 20-24 years (no.)
2012,6998,ERP_F_7,Females - 25-29 years (no.)
2013,7129,ERP_F_7,Females - 25-29 years (no.)
2014,7273,ERP_F_7,Females - 25-29 years (no.)
2015,7445,ERP_F_7,Females - 25-29 years (no.)
2016,7482,ERP_F_7,Females - 25-29 years (no.)
2017,8032,ERP_F_7,Females - 25-29 years (no.)
2012,6521,ERP_F_8,Females - 30-34 years (no.)
2013,6622,ERP_F_8,Females - 30-34 years (no.)
2014,6691,ERP_F_8,Females - 30-34 years (no.)
2015,6749,ERP_F_8,Females - 30-34 years (no.)
2016,6812,ERP_F_8,Females - 30-34 years (no.)
2017,6909,ERP_F_8,Females - 30-34 years (no.)
2012,5654,ERP_F_9,Females - 35-39 years (no.)
2013,5662,ERP_F_9,Females - 35-39 years (no.)
2014,5679,ERP_F_9,Females - 35-39 years (no.)
2015,5733,ERP_F_9,Females - 35-39 years (no.)
2016,5835,ERP_F_9,Females - 35-39 years (no.)
2017,5997,ERP_F_9,Females - 35-39 years (no.)
2012,5125,ERP_F_10,Females - 40-44 years (no.)
2013,5247,ERP_F_10,Females - 40-44 years (no.)
2014,5274,ERP_F_10,Females - 40-44 years (no.)
2015,5250,ERP_F_10,Females - 40-44 years (no.)
2016,5086,ERP_F_10,Females - 40-44 years (no.)
2017,4930,ERP_F_10,Females - 40-44 years (no.)
2012,4396,ERP_F_11,Females - 45-49 years (no.)
2013,4422,ERP_F_11,Females - 45-49 years (no.)
2014,4501,ERP_F_11,Females - 45-49 years (no.)
2015,4618,ERP_F_11,Females - 45-49 years (no.)
2016,4756,ERP_F_11,Females - 45-49 years (no.)
2017,4798,ERP_F_11,Females - 45-49 years (no.)
2012,4017,ERP_F_12,Females - 50-54 years (no.)
2013,4112,ERP_F_12,Females - 50-54 years (no.)
2014,4225,ERP_F_12,Females - 50-54 years (no.)
2015,4237,ERP_F_12,Females - 50-54 years (no.)
2016,4197,ERP_F_12,Females - 50-54 years (no.)
2017,4220,ERP_F_12,Females - 50-54 years (no.)
2012,3527,ERP_F_13,Females - 55-59 years (no.)
2013,3614,ERP_F_13,Females - 55-59 years (no.)
2014,3684,ERP_F_13,Females - 55-59 years (no.)
2015,3732,ERP_F_13,Females - 55-59 years (no.)
2016,3782,ERP_F_13,Females - 55-59 years (no.)
2017,3840,ERP_F_13,Females - 55-59 years (no.)
2012,3125,ERP_F_14,Females - 60-64 years (no.)
2013,3154,ERP_F_14,Females - 60-64 years (no.)
2014,3224,ERP_F_14,Females - 60-64 years (no.)
2015,3261,ERP_F_14,Females - 60-64 years (no.)
2016,3320,ERP_F_14,Females - 60-64 years (no.)
2017,3337,ERP_F_14,Females - 60-64 years (no.)
2012,2717,ERP_F_15,Females - 65-69 years (no.)
2013,2829,ERP_F_15,Females - 65-69 years (no.)
2014,2887,ERP_F_15,Females - 65-69 years (no.)
2015,2949,ERP_F_15,Females - 65-69 years (no.)
2016,2988,ERP_F_15,Females - 65-69 years (no.)
2017,2972,ERP_F_15,Females - 65-69 years (no.)
2012,2146,ERP_F_16,Females - 70-74 years (no.)
2013,2164,ERP_F_16,Females - 70-74 years (no.)
2014,2210,ERP_F_16,Females - 70-74 years (no.)
2015,2265,ERP_F_16,Females - 70-74 years (no.)
2016,2355,ERP_F_16,Females - 70-74 years (no.)
2017,2525,ERP_F_16,Females - 70-74 years (no.)
2012,1789,ERP_F_17,Females - 75-79 years (no.)
2013,1800,ERP_F_17,Females - 75-79 years (no.)
2014,1821,ERP_F_17,Females - 75-79 years (no.)
2015,1869,ERP_F_17,Females - 75-79 years (no.)
2016,1865,ERP_F_17,Females - 75-79 years (no.)
2017,1931,ERP_F_17,Females - 75-79 years (no.)
2012,1684,ERP_F_18,Females - 80-84 years (no.)
2013,1651,ERP_F_18,Females - 80-84 years (no.)
2014,1581,ERP_F_18,Females - 80-84 years (no.)
2015,1521,ERP_F_18,Females - 80-84 years (no.)
2016,1488,ERP_F_18,Females - 80-84 years (no.)
2017,1482,ERP_F_18,Females - 80-84 years (no.)
2012,1881,ERP_F_19,Females - 85 and over (no.)
2013,1940,ERP_F_19,Females - 85 and over (no.)
2014,2005,ERP_F_19,Females - 85 and over (no.)
2015,2034,ERP_F_19,Females - 85 and over (no.)
2016,2064,ERP_F_19,Females - 85 and over (no.)
2017,2008,ERP_F_19,Females - 85 and over (no.)
2012,70555,ERP_F_20,Females - Total (no.)
2013,71854,ERP_F_20,Females - Total (no.)
2014,73021,ERP_F_20,Females - Total (no.)
2015,74069,ERP_F_20,Females - Total (no.)
2016,75011,ERP_F_20,Females - Total (no.)
2017,76511,ERP_F_20,Females - Total (no.)
2012,8216,ERP_P_2,Persons - 0-4 years (no.)
2013,8369,ERP_P_2,Persons - 0-4 years (no.)
2014,8372,ERP_P_2,Persons - 0-4 years (no.)
2015,8305,ERP_P_2,Persons - 0-4 years (no.)
2016,8365,ERP_P_2,Persons - 0-4 years (no.)
2017,8193,ERP_P_2,Persons - 0-4 years (no.)
2012,6672,ERP_P_3,Persons - 5-9 years (no.)
2013,6937,ERP_P_3,Persons - 5-9 years (no.)
2014,7208,ERP_P_3,Persons - 5-9 years (no.)
2015,7428,ERP_P_3,Persons - 5-9 years (no.)
2016,7587,ERP_P_3,Persons - 5-9 years (no.)
2017,7626,ERP_P_3,Persons - 5-9 years (no.)
2012,5812,ERP_P_4,Persons - 10-14 years (no.)
2013,5894,ERP_P_4,Persons - 10-14 years (no.)
2014,5957,ERP_P_4,Persons - 10-14 years (no.)
2015,6143,ERP_P_4,Persons - 10-14 years (no.)
2016,6254,ERP_P_4,Persons - 10-14 years (no.)
2017,6485,ERP_P_4,Persons - 10-14 years (no.)
2012,7526,ERP_P_5,Persons - 15-19 years (no.)
2013,7886,ERP_P_5,Persons - 15-19 years (no.)
2014,8232,ERP_P_5,Persons - 15-19 years (no.)
2015,8508,ERP_P_5,Persons - 15-19 years (no.)
2016,8713,ERP_P_5,Persons - 15-19 years (no.)
2017,8633,ERP_P_5,Persons - 15-19 years (no.)
2012,14928,ERP_P_6,Persons - 20-24 years (no.)
2013,15196,ERP_P_6,Persons - 20-24 years (no.)
2014,15460,ERP_P_6,Persons - 20-24 years (no.)
2015,15727,ERP_P_6,Persons - 20-24 years (no.)
2016,16206,ERP_P_6,Persons - 20-24 years (no.)
2017,17176,ERP_P_6,Persons - 20-24 years (no.)
2012,14155,ERP_P_7,Persons - 25-29 years (no.)
2013,14376,ERP_P_7,Persons - 25-29 years (no.)
2014,14626,ERP_P_7,Persons - 25-29 years (no.)
2015,14939,ERP_P_7,Persons - 25-29 years (no.)
2016,15191,ERP_P_7,Persons - 25-29 years (no.)
2017,16422,ERP_P_7,Persons - 25-29 years (no.)
2012,12990,ERP_P_8,Persons - 30-34 years (no.)
2013,13191,ERP_P_8,Persons - 30-34 years (no.)
2014,13327,ERP_P_8,Persons - 30-34 years (no.)
2015,13470,ERP_P_8,Persons - 30-34 years (no.)
2016,13604,ERP_P_8,Persons - 30-34 years (no.)
2017,13744,ERP_P_8,Persons - 30-34 years (no.)
2012,11350,ERP_P_9,Persons - 35-39 years (no.)
2013,11305,ERP_P_9,Persons - 35-39 years (no.)
2014,11321,ERP_P_9,Persons - 35-39 years (no.)
2015,11418,ERP_P_9,Persons - 35-39 years (no.)
2016,11563,ERP_P_9,Persons - 35-39 years (no.)
2017,11964,ERP_P_9,Persons - 35-39 years (no.)
2012,10126,ERP_P_10,Persons - 40-44 years (no.)
2013,10436,ERP_P_10,Persons - 40-44 years (no.)
2014,10568,ERP_P_10,Persons - 40-44 years (no.)
2015,10521,ERP_P_10,Persons - 40-44 years (no.)
2016,10310,ERP_P_10,Persons - 40-44 years (no.)
2017,10022,ERP_P_10,Persons - 40-44 years (no.)
2012,8752,ERP_P_11,Persons - 45-49 years (no.)
2013,8779,ERP_P_11,Persons - 45-49 years (no.)
2014,8862,ERP_P_11,Persons - 45-49 years (no.)
2015,9048,ERP_P_11,Persons - 45-49 years (no.)
2016,9238,ERP_P_11,Persons - 45-49 years (no.)
2017,9360,ERP_P_11,Persons - 45-49 years (no.)
2012,7921,ERP_P_12,Persons - 50-54 years (no.)
2013,8170,ERP_P_12,Persons - 50-54 years (no.)
2014,8380,ERP_P_12,Persons - 50-54 years (no.)
2015,8426,ERP_P_12,Persons - 50-54 years (no.)
2016,8419,ERP_P_12,Persons - 50-54 years (no.)
2017,8332,ERP_P_12,Persons - 50-54 years (no.)
2012,6981,ERP_P_13,Persons - 55-59 years (no.)
2013,7087,ERP_P_13,Persons - 55-59 years (no.)
2014,7211,ERP_P_13,Persons - 55-59 years (no.)
2015,7336,ERP_P_13,Persons - 55-59 years (no.)
2016,7425,ERP_P_13,Persons - 55-59 years (no.)
2017,7582,ERP_P_13,Persons - 55-59 years (no.)
2012,6069,ERP_P_14,Persons - 60-64 years (no.)
2013,6113,ERP_P_14,Persons - 60-64 years (no.)
2014,6241,ERP_P_14,Persons - 60-64 years (no.)
2015,6305,ERP_P_14,Persons - 60-64 years (no.)
2016,6405,ERP_P_14,Persons - 60-64 years (no.)
2017,6495,ERP_P_14,Persons - 60-64 years (no.)
2012,5245,ERP_P_15,Persons - 65-69 years (no.)
2013,5486,ERP_P_15,Persons - 65-69 years (no.)
2014,5615,ERP_P_15,Persons - 65-69 years (no.)
2015,5719,ERP_P_15,Persons - 65-69 years (no.)
2016,5791,ERP_P_15,Persons - 65-69 years (no.)
2017,5721,ERP_P_15,Persons - 65-69 years (no.)
2012,4040,ERP_P_16,Persons - 70-74 years (no.)
2013,4104,ERP_P_16,Persons - 70-74 years (no.)
2014,4222,ERP_P_16,Persons - 70-74 years (no.)
2015,4341,ERP_P_16,Persons - 70-74 years (no.)
2016,4538,ERP_P_16,Persons - 70-74 years (no.)
2017,4848,ERP_P_16,Persons - 70-74 years (no.)
2012,3282,ERP_P_17,Persons - 75-79 years (no.)
2013,3315,ERP_P_17,Persons - 75-79 years (no.)
2014,3362,ERP_P_17,Persons - 75-79 years (no.)
2015,3442,ERP_P_17,Persons - 75-79 years (no.)
2016,3476,ERP_P_17,Persons - 75-79 years (no.)
2017,3584,ERP_P_17,Persons - 75-79 years (no.)
2012,2844,ERP_P_18,Persons - 80-84 years (no.)
2013,2810,ERP_P_18,Persons - 80-84 years (no.)
2014,2736,ERP_P_18,Persons - 80-84 years (no.)
2015,2671,ERP_P_18,Persons - 80-84 years (no.)
2016,2623,ERP_P_18,Persons - 80-84 years (no.)
2017,2652,ERP_P_18,Persons - 80-84 years (no.)
2012,2927,ERP_P_19,Persons - 85 and over (no.)
2013,3005,ERP_P_19,Persons - 85 and over (no.)
2014,3114,ERP_P_19,Persons - 85 and over (no.)
2015,3161,ERP_P_19,Persons - 85 and over (no.)
2016,3214,ERP_P_19,Persons - 85 and over (no.)
2017,3157,ERP_P_19,Persons - 85 and over (no.)
2012,139836,ERP_P_20,Persons - Total (no.)
2013,142459,ERP_P_20,Persons - Total (no.)
2014,144814,ERP_P_20,Persons - Total (no.)
2015,146908,ERP_P_20,Persons - Total (no.)
2016,148922,ERP_P_20,Persons - Total (no.)
2017,151996,ERP_P_20,Persons - Total (no.)
2012,72.1,ERP_18,Working Age Population (aged 15-64 years)
2013,72,ERP_18,Working Age Population (aged 15-64 years)
2014,72,ERP_18,Working Age Population (aged 15-64 years)
2015,71.9,ERP_18,Working Age Population (aged 15-64 years)
2016,71.9,ERP_18,Working Age Population (aged 15-64 years)
2017,72.2,ERP_18,Working Age Population (aged 15-64 years)
2012,34,ERP_19,Median Age - Males (years)
2013,33.9,ERP_19,Median Age - Males (years)
2014,33.9,ERP_19,Median Age - Males (years)
2015,33.9,ERP_19,Median Age - Males (years)
2016,33.7,ERP_19,Median Age - Males (years)
2017,33.4,ERP_19,Median Age - Males (years)
2012,35.7,ERP_22,Median Age - Females (years)
2013,35.6,ERP_22,Median Age - Females (years)
2014,35.5,ERP_22,Median Age - Females (years)
2015,35.3,ERP_22,Median Age - Females (years)
2016,35.2,ERP_22,Median Age - Females (years)
2017,34.8,ERP_22,Median Age - Females (years)
2012,34.8,ERP_23,Median Age - Persons (years)
2013,34.8,ERP_23,Median Age - Persons (years)
2014,34.7,ERP_23,Median Age - Persons (years)
2015,34.6,ERP_23,Median Age - Persons (years)
2016,34.4,ERP_23,Median Age - Persons (years)
2017,34.1,ERP_23,Median Age - Persons (years)
2012,1960,BD_2,Births and Deaths - Births (no.)
2013,2020,BD_2,Births and Deaths - Births (no.)
2014,1761,BD_2,Births and Deaths - Births (no.)
2015,1905,BD_2,Births and Deaths - Births (no.)
2016,1867,BD_2,Births and Deaths - Births (no.)
2012,1.6,BD_3,Births and Deaths - Total fertility rate ( per female) (rate)
2013,1.6,BD_3,Births and Deaths - Total fertility rate ( per female) (rate)
2014,1.5,BD_3,Births and Deaths - Total fertility rate ( per female) (rate)
2015,1.5,BD_3,Births and Deaths - Total fertility rate ( per female) (rate)
2016,1.5,BD_3,Births and Deaths - Total fertility rate ( per female) (rate)
2012,843,BD_4,Births and Deaths - Deaths (no.)
2013,831,BD_4,Births and Deaths - Deaths (no.)
2014,863,BD_4,Births and Deaths - Deaths (no.)
2015,905,BD_4,Births and Deaths - Deaths (no.)
2016,849,BD_4,Births and Deaths - Deaths (no.)
2017,856,BD_4,Births and Deaths - Deaths (no.)
2012,5.1,BD_5,"Births and Deaths - Standardised death rate (per 1,000 population) (rate)"
2013,5.1,BD_5,"Births and Deaths - Standardised death rate (per 1,000 population) (rate)"
2014,5.1,BD_5,"Births and Deaths - Standardised death rate (per 1,000 population) (rate)"
2015,5.1,BD_5,"Births and Deaths - Standardised death rate (per 1,000 population) (rate)"
2016,5,BD_5,"Births and Deaths - Standardised death rate (per 1,000 population) (rate)"
2017,5,BD_5,"Births and Deaths - Standardised death rate (per 1,000 population) (rate)"
2012,3848.9,ERP_21,Population density (ERP at 30 June) (persons/km2)
2013,3921.1,ERP_21,Population density (ERP at 30 June) (persons/km2)
2014,3986,ERP_21,Population density (ERP at 30 June) (persons/km2)
2015,4043.6,ERP_21,Population density (ERP at 30 June) (persons/km2)
2016,4099,ERP_21,Population density (ERP at 30 June) (persons/km2)
2017,4183.6,ERP_21,Population density (ERP at 30 June) (persons/km2)
2011,1.4,CENSUS_2,Aboriginal and Torres Strait Islander Peoples - Proportion of total population (%)
2016,1.5,CENSUS_2,Aboriginal and Torres Strait Islander Peoples - Proportion of total population (%)
2011,1.4,CENSUS_3,Overseas Born Population - Proportion of Total Population - Census
2016,1.5,CENSUS_3,Overseas Born Population - Proportion of Total Population - Census
2011,2.8,CENSUS_4,Born in Oceania and Antarctica (excluding Australia) (%)
2016,2.4,CENSUS_4,Born in Oceania and Antarctica (excluding Australia) (%)
2011,8.5,CENSUS_5,Born in North-West Europe (%)
2016,9.5,CENSUS_5,Born in North-West Europe (%)
2011,5.8,CENSUS_6,Born in Southern and Eastern Europe (%)
2016,5.2,CENSUS_6,Born in Southern and Eastern Europe (%)
2011,2,CENSUS_7,Born in North Africa and the Middle East (%)
2016,1.9,CENSUS_7,Born in North Africa and the Middle East (%)
2011,6.1,CENSUS_8,Born in South-East Asia (%)
2016,5.7,CENSUS_8,Born in South-East Asia (%)
2011,7.1,CENSUS_9,Born in North-East Asia (%)
2016,9.4,CENSUS_9,Born in North-East Asia (%)
2011,1.6,CENSUS_10,Born in Southern and Central Asia (%)
2016,1.8,CENSUS_10,Born in Southern and Central Asia (%)
2011,2.7,CENSUS_11,Born in Americas (%)
2016,3.2,CENSUS_11,Born in Americas (%)
2011,1.7,CENSUS_12,Born in Sub-Saharan Africa (%)
2016,1.7,CENSUS_12,Born in Sub-Saharan Africa (%)
2011,38.3,CENSUS_13,Total born overseas (%)
2016,40.7,CENSUS_13,Total born overseas (%)
2016,2.7,CENSUS_15,Buddhism (%)
2016,47,CENSUS_16,Christianity (%)
2016,1,CENSUS_17,Hinduism (%)
2016,1.6,CENSUS_18,Islam (%)
2016,3.6,CENSUS_19,Judaism (%)
2016,0.4,CENSUS_20,Other Religions (%)
2016,32,CENSUS_21,"Secular Beliefs, Other Spiritual Beliefs and No Religious Affiliation (%)"
2016,11.7,CENSUS_22,Religious Affiliation - Inadequately described or not stated (%)
2011,74.1,CENSUS_29,Australian citizen (%)
2016,70.8,CENSUS_29,Australian citizen (%)
2011,17,CENSUS_30,Not an Australian citizen (%)
2016,20.3,CENSUS_30,Not an Australian citizen (%)
2011,8.9,CENSUS_31,Australian Citizenship - Not stated (%)
2016,8.9,CENSUS_31,Australian Citizenship - Not stated (%)
2011,30.1,CENSUS_33,Speaks a Language Other Than English at Home - Proportion of total population (%)
2016,32.1,CENSUS_33,Speaks a Language Other Than English at Home - Proportion of total population (%)
2013,7173,CABEE_2,Number of non-employing businesses (no.)
2014,7265,CABEE_2,Number of non-employing businesses (no.)
2015,7330,CABEE_2,Number of non-employing businesses (no.)
2016,7617,CABEE_2,Number of non-employing businesses (no.)
2017,7952,CABEE_2,Number of non-employing businesses (no.)
2013,3274,CABEE_3,Number of employing businesses: 1-4 employees (no.)
2014,3392,CABEE_3,Number of employing businesses: 1-4 employees (no.)
2015,3493,CABEE_3,Number of employing businesses: 1-4 employees (no.)
2016,3634,CABEE_3,Number of employing businesses: 1-4 employees (no.)
2017,3755,CABEE_3,Number of employing businesses: 1-4 employees (no.)
2013,723,CABEE_4,Number of employing businesses: 5-19 employees (no.)
2014,712,CABEE_4,Number of employing businesses: 5-19 employees (no.)
2015,736,CABEE_4,Number of employing businesses: 5-19 employees (no.)
2016,781,CABEE_4,Number of employing businesses: 5-19 employees (no.)
2017,822,CABEE_4,Number of employing businesses: 5-19 employees (no.)
2013,160,CABEE_38,Number of employing businesses: 20 or more employees (no.)
2014,175,CABEE_38,Number of employing businesses: 20 or more employees (no.)
2015,180,CABEE_38,Number of employing businesses: 20 or more employees (no.)
2016,190,CABEE_38,Number of employing businesses: 20 or more employees (no.)
2017,200,CABEE_38,Number of employing businesses: 20 or more employees (no.)
2013,11333,CABEE_5,Total number of businesses (no.)
2014,11541,CABEE_5,Total number of businesses (no.)
2015,11742,CABEE_5,Total number of businesses (no.)
2016,12225,CABEE_5,Total number of businesses (no.)
2017,12718,CABEE_5,Total number of businesses (no.)
2014,1210,CABEE_7,Number of non employing business entries (no.)
2015,1203,CABEE_7,Number of non employing business entries (no.)
2016,1361,CABEE_7,Number of non employing business entries (no.)
2017,1478,CABEE_7,Number of non employing business entries (no.)
2014,484,CABEE_8,Number of employing business entries: 1-4 employees (no.)
2015,504,CABEE_8,Number of employing business entries: 1-4 employees (no.)
2016,621,CABEE_8,Number of employing business entries: 1-4 employees (no.)
2017,607,CABEE_8,Number of employing business entries: 1-4 employees (no.)
2014,47,CABEE_9,Number of employing business entries: 5-19 employees (no.)
2015,45,CABEE_9,Number of employing business entries: 5-19 employees (no.)
2016,29,CABEE_9,Number of employing business entries: 5-19 employees (no.)
2017,33,CABEE_9,Number of employing business entries: 5-19 employees (no.)
2014,5,CABEE_39,Number of employing business entries: 20 or more employees (no.)
2015,0,CABEE_39,Number of employing business entries: 20 or more employees (no.)
2016,4,CABEE_39,Number of employing business entries: 20 or more employees (no.)
2017,3,CABEE_39,Number of employing business entries: 20 or more employees (no.)
2014,1750,CABEE_10,Total number of business entries (no.)
2015,1751,CABEE_10,Total number of business entries (no.)
2016,2021,CABEE_10,Total number of business entries (no.)
2017,2124,CABEE_10,Total number of business entries (no.)
2014,1066,CABEE_12,Number of non employing business exits (no.)
2015,1136,CABEE_12,Number of non employing business exits (no.)
2016,1084,CABEE_12,Number of non employing business exits (no.)
2017,1138,CABEE_12,Number of non employing business exits (no.)
2014,297,CABEE_13,Number of employing business exits: 1-4 employees (no.)
2015,301,CABEE_13,Number of employing business exits: 1-4 employees (no.)
2016,320,CABEE_13,Number of employing business exits: 1-4 employees (no.)
2017,322,CABEE_13,Number of employing business exits: 1-4 employees (no.)
2014,39,CABEE_14,Number of employing business exits: 5-19 employees (no.)
2015,37,CABEE_14,Number of employing business exits: 5-19 employees (no.)
2016,40,CABEE_14,Number of employing business exits: 5-19 employees (no.)
2017,46,CABEE_14,Number of employing business exits: 5-19 employees (no.)
2014,3,CABEE_40,Number of employing business exits: 20 or more employees (no.)
2015,8,CABEE_40,Number of employing business exits: 20 or more employees (no.)
2016,8,CABEE_40,Number of employing business exits: 20 or more employees (no.)
2017,8,CABEE_40,Number of employing business exits: 20 or more employees (no.)
2014,1407,CABEE_15,Total number of business exits (no.)
2015,1489,CABEE_15,Total number of business exits (no.)
2016,1449,CABEE_15,Total number of business exits (no.)
2017,1514,CABEE_15,Total number of business exits (no.)
2013,105,CABEE_19,"Agriculture, Forestry and Fishing (no.)"
2014,106,CABEE_19,"Agriculture, Forestry and Fishing (no.)"
2015,103,CABEE_19,"Agriculture, Forestry and Fishing (no.)"
2016,107,CABEE_19,"Agriculture, Forestry and Fishing (no.)"
2017,91,CABEE_19,"Agriculture, Forestry and Fishing (no.)"
2013,12,CABEE_28,Mining (no.)
2014,13,CABEE_28,Mining (no.)
2015,18,CABEE_28,Mining (no.)
2016,13,CABEE_28,Mining (no.)
2017,12,CABEE_28,Mining (no.)
2013,216,CABEE_27,Manufacturing (no.)
2014,217,CABEE_27,Manufacturing (no.)
2015,223,CABEE_27,Manufacturing (no.)
2016,238,CABEE_27,Manufacturing (no.)
2017,246,CABEE_27,Manufacturing (no.)
2013,17,CABEE_23,"Electricity, Gas, Water & Waste Services (no.)"
2014,19,CABEE_23,"Electricity, Gas, Water & Waste Services (no.)"
2015,19,CABEE_23,"Electricity, Gas, Water & Waste Services (no.)"
2016,22,CABEE_23,"Electricity, Gas, Water & Waste Services (no.)"
2017,28,CABEE_23,"Electricity, Gas, Water & Waste Services (no.)"
2013,1505,CABEE_21,Construction (no.)
2014,1540,CABEE_21,Construction (no.)
2015,1574,CABEE_21,Construction (no.)
2016,1717,CABEE_21,Construction (no.)
2017,1842,CABEE_21,Construction (no.)
2013,359,CABEE_37,Wholesale trade (no.)
2014,370,CABEE_37,Wholesale trade (no.)
2015,362,CABEE_37,Wholesale trade (no.)
2016,366,CABEE_37,Wholesale trade (no.)
2017,361,CABEE_37,Wholesale trade (no.)
2013,639,CABEE_34,Retail trade (no.)
2014,623,CABEE_34,Retail trade (no.)
2015,622,CABEE_34,Retail trade (no.)
2016,625,CABEE_34,Retail trade (no.)
2017,606,CABEE_34,Retail trade (no.)
2013,528,CABEE_17,Accommodation and food services (no.)
2014,549,CABEE_17,Accommodation and food services (no.)
2015,573,CABEE_17,Accommodation and food services (no.)
2016,574,CABEE_17,Accommodation and food services (no.)
2017,591,CABEE_17,Accommodation and food services (no.)
2013,592,CABEE_36,"Transport, Postal and Warehousing (no.)"
2014,574,CABEE_36,"Transport, Postal and Warehousing (no.)"
2015,560,CABEE_36,"Transport, Postal and Warehousing (no.)"
2016,633,CABEE_36,"Transport, Postal and Warehousing (no.)"
2017,747,CABEE_36,"Transport, Postal and Warehousing (no.)"
2013,253,CABEE_26,Information media and telecommunications (no.)
2014,248,CABEE_26,Information media and telecommunications (no.)
2015,252,CABEE_26,Information media and telecommunications (no.)
2016,257,CABEE_26,Information media and telecommunications (no.)
2017,273,CABEE_26,Information media and telecommunications (no.)
2013,799,CABEE_24,Financial and insurance services (no.)
2014,861,CABEE_24,Financial and insurance services (no.)
2015,915,CABEE_24,Financial and insurance services (no.)
2016,1000,CABEE_24,Financial and insurance services (no.)
2017,1047,CABEE_24,Financial and insurance services (no.)
2013,1581,CABEE_33,"Rental, Hiring, & Real Estate Services (no.)"
2014,1591,CABEE_33,"Rental, Hiring, & Real Estate Services (no.)"
2015,1634,CABEE_33,"Rental, Hiring, & Real Estate Services (no.)"
2016,1675,CABEE_33,"Rental, Hiring, & Real Estate Services (no.)"
2017,1701,CABEE_33,"Rental, Hiring, & Real Estate Services (no.)"
2013,1930,CABEE_31,Professional Scientific & Technical Services (no.)
2014,2012,CABEE_31,Professional Scientific & Technical Services (no.)
2015,2035,CABEE_31,Professional Scientific & Technical Services (no.)
2016,2088,CABEE_31,Professional Scientific & Technical Services (no.)
2017,2176,CABEE_31,Professional Scientific & Technical Services (no.)
2013,499,CABEE_18,Administrative and support services (no.)
2014,482,CABEE_18,Administrative and support services (no.)
2015,495,CABEE_18,Administrative and support services (no.)
2016,508,CABEE_18,Administrative and support services (no.)
2017,528,CABEE_18,Administrative and support services (no.)
2013,43,CABEE_32,Public administration and safety (no.)
2014,47,CABEE_32,Public administration and safety (no.)
2015,45,CABEE_32,Public administration and safety (no.)
2016,37,CABEE_32,Public administration and safety (no.)
2017,40,CABEE_32,Public administration and safety (no.)
2013,197,CABEE_22,Education and training (no.)
2014,217,CABEE_22,Education and training (no.)
2015,199,CABEE_22,Education and training (no.)
2016,217,CABEE_22,Education and training (no.)
2017,245,CABEE_22,Education and training (no.)
2013,1105,CABEE_25,Health care and social assistance (no.)
2014,1176,CABEE_25,Health care and social assistance (no.)
2015,1240,CABEE_25,Health care and social assistance (no.)
2016,1266,CABEE_25,Health care and social assistance (no.)
2017,1287,CABEE_25,Health care and social assistance (no.)
2013,304,CABEE_20,Arts and recreation services (no.)
2014,299,CABEE_20,Arts and recreation services (no.)
2015,308,CABEE_20,Arts and recreation services (no.)
2016,302,CABEE_20,Arts and recreation services (no.)
2017,305,CABEE_20,Arts and recreation services (no.)
2013,399,CABEE_30,Other services (no.)
2014,402,CABEE_30,Other services (no.)
2015,405,CABEE_30,Other services (no.)
2016,421,CABEE_30,Other services (no.)
2017,433,CABEE_30,Other services (no.)
2013,236,CABEE_29,Currently unknown (no.)
2014,184,CABEE_29,Currently unknown (no.)
2015,159,CABEE_29,Currently unknown (no.)
2016,158,CABEE_29,Currently unknown (no.)
2017,172,CABEE_29,Currently unknown (no.)
2013,11333,CABEE_35,Number of Businesses by Industry - Total (no.)
2014,11541,CABEE_35,Number of Businesses by Industry - Total (no.)
2015,11742,CABEE_35,Number of Businesses by Industry - Total (no.)
2016,12225,CABEE_35,Number of Businesses by Industry - Total (no.)
2017,12718,CABEE_35,Number of Businesses by Industry - Total (no.)
2017,90,BUILDING_2,Private sector houses (no.)
2017,599,BUILDING_3,Private sector dwellings excluding houses (no.)
2017,689,BUILDING_12,Total private sector dwelling units (no.)
2017,689,BUILDING_4,Total dwelling units (no.)
2017,132,BUILDING_5,Value of private sector houses ($m)
2017,231,BUILDING_6,Value of private sector dwellings excluding houses ($m)
2017,363,BUILDING_7,Total value of private sector dwelling units ($m)
2017,392,BUILDING_8,Value of residential building ($m)
2017,525,BUILDING_9,Value of non-residential building ($m)
2017,918,BUILDING_10,Value of total building ($m)
2014,900,HOUSES_2,Houses - number of transfers (no.)
2015,883,HOUSES_2,Houses - number of transfers (no.)
2016,799,HOUSES_2,Houses - number of transfers (no.)
2014,1497500,HOUSES_3,Houses - median sale price ($)
2015,1675000,HOUSES_3,Houses - median sale price ($)
2016,1955000,HOUSES_3,Houses - median sale price ($)
2014,1700,HOUSES_4,Attached Dwellings - number of transfers (no.)
2015,1520,HOUSES_4,Attached Dwellings - number of transfers (no.)
2016,1284,HOUSES_4,Attached Dwellings - number of transfers (no.)
2014,694000,HOUSES_5,Attached Dwellings - median sale price ($)
2015,760000,HOUSES_5,Attached Dwellings - median sale price ($)
2016,840000,HOUSES_5,Attached Dwellings - median sale price ($)
2011,27,INSOLV_2,Total debtors entering business related personal insolvencies (no.)
2012,24,INSOLV_2,Total debtors entering business related personal insolvencies (no.)
2013,33,INSOLV_2,Total debtors entering business related personal insolvencies (no.)
2014,26,INSOLV_2,Total debtors entering business related personal insolvencies (no.)
2015,9,INSOLV_2,Total debtors entering business related personal insolvencies (no.)
2016,19,INSOLV_2,Total debtors entering business related personal insolvencies (no.)
2017,13,INSOLV_2,Total debtors entering business related personal insolvencies (no.)
2011,100,INSOLV_3,Total debtors entering non-business related personal insolvencies (no.)
2012,120,INSOLV_3,Total debtors entering non-business related personal insolvencies (no.)
2013,118,INSOLV_3,Total debtors entering non-business related personal insolvencies (no.)
2014,87,INSOLV_3,Total debtors entering non-business related personal insolvencies (no.)
2015,100,INSOLV_3,Total debtors entering non-business related personal insolvencies (no.)
2016,102,INSOLV_3,Total debtors entering non-business related personal insolvencies (no.)
2017,87,INSOLV_3,Total debtors entering non-business related personal insolvencies (no.)
2011,127,INSOLV_4,Total debtors entering personal insolvencies (no.)
2012,144,INSOLV_4,Total debtors entering personal insolvencies (no.)
2013,151,INSOLV_4,Total debtors entering personal insolvencies (no.)
2014,113,INSOLV_4,Total debtors entering personal insolvencies (no.)
2015,109,INSOLV_4,Total debtors entering personal insolvencies (no.)
2016,121,INSOLV_4,Total debtors entering personal insolvencies (no.)
2017,100,INSOLV_4,Total debtors entering personal insolvencies (no.)
2011,9,INSOLV_6,Business related insolvencies caused by economic conditions (no.)
2012,10,INSOLV_6,Business related insolvencies caused by economic conditions (no.)
2013,12,INSOLV_6,Business related insolvencies caused by economic conditions (no.)
2014,8,INSOLV_6,Business related insolvencies caused by economic conditions (no.)
2016,8,INSOLV_6,Business related insolvencies caused by economic conditions (no.)
2011,37,INSOLV_7,Non-business related insolvencies caused by excessive use of credit (no.)
2012,38,INSOLV_7,Non-business related insolvencies caused by excessive use of credit (no.)
2013,41,INSOLV_7,Non-business related insolvencies caused by excessive use of credit (no.)
2014,32,INSOLV_7,Non-business related insolvencies caused by excessive use of credit (no.)
2015,32,INSOLV_7,Non-business related insolvencies caused by excessive use of credit (no.)
2016,39,INSOLV_7,Non-business related insolvencies caused by excessive use of credit (no.)
2017,32,INSOLV_7,Non-business related insolvencies caused by excessive use of credit (no.)
2011,26,INSOLV_8,Non-business related insolvencies caused by unemployment or loss of income (no.)
2012,31,INSOLV_8,Non-business related insolvencies caused by unemployment or loss of income (no.)
2013,28,INSOLV_8,Non-business related insolvencies caused by unemployment or loss of income (no.)
2014,18,INSOLV_8,Non-business related insolvencies caused by unemployment or loss of income (no.)
2015,25,INSOLV_8,Non-business related insolvencies caused by unemployment or loss of income (no.)
2016,30,INSOLV_8,Non-business related insolvencies caused by unemployment or loss of income (no.)
2017,23,INSOLV_8,Non-business related insolvencies caused by unemployment or loss of income (no.)
2011,20,INSOLV_10,Managers (no.)
2012,16,INSOLV_10,Managers (no.)
2013,21,INSOLV_10,Managers (no.)
2014,12,INSOLV_10,Managers (no.)
2015,11,INSOLV_10,Managers (no.)
2016,15,INSOLV_10,Managers (no.)
2017,13,INSOLV_10,Managers (no.)
2011,16,INSOLV_11,Professionals (no.)
2012,15,INSOLV_11,Professionals (no.)
2013,23,INSOLV_11,Professionals (no.)
2014,27,INSOLV_11,Professionals (no.)
2015,14,INSOLV_11,Professionals (no.)
2016,20,INSOLV_11,Professionals (no.)
2017,11,INSOLV_11,Professionals (no.)
2011,13,INSOLV_12,Technicians and trades workers (no.)
2012,19,INSOLV_12,Technicians and trades workers (no.)
2013,16,INSOLV_12,Technicians and trades workers (no.)
2014,11,INSOLV_12,Technicians and trades workers (no.)
2015,10,INSOLV_12,Technicians and trades workers (no.)
2016,15,INSOLV_12,Technicians and trades workers (no.)
2017,13,INSOLV_12,Technicians and trades workers (no.)
2011,16,INSOLV_13,Community and personal service workers (no.)
2012,21,INSOLV_13,Community and personal service workers (no.)
2013,17,INSOLV_13,Community and personal service workers (no.)
2014,8,INSOLV_13,Community and personal service workers (no.)
2015,19,INSOLV_13,Community and personal service workers (no.)
2016,17,INSOLV_13,Community and personal service workers (no.)
2017,13,INSOLV_13,Community and personal service workers (no.)
2011,23,INSOLV_14,Clerical and administrative workers (no.)
2012,19,INSOLV_14,Clerical and administrative workers (no.)
2013,22,INSOLV_14,Clerical and administrative workers (no.)
2014,26,INSOLV_14,Clerical and administrative workers (no.)
2015,10,INSOLV_14,Clerical and administrative workers (no.)
2016,22,INSOLV_14,Clerical and administrative workers (no.)
2017,13,INSOLV_14,Clerical and administrative workers (no.)
2011,6,INSOLV_15,Sales workers (no.)
2012,22,INSOLV_15,Sales workers (no.)
2013,18,INSOLV_15,Sales workers (no.)
2014,6,INSOLV_15,Sales workers (no.)
2015,7,INSOLV_15,Sales workers (no.)
2016,8,INSOLV_15,Sales workers (no.)
2017,10,INSOLV_15,Sales workers (no.)
2011,15,INSOLV_16,Machinery operators and drivers (no.)
2012,9,INSOLV_16,Machinery operators and drivers (no.)
2013,13,INSOLV_16,Machinery operators and drivers (no.)
2014,5,INSOLV_16,Machinery operators and drivers (no.)
2015,10,INSOLV_16,Machinery operators and drivers (no.)
2016,4,INSOLV_16,Machinery operators and drivers (no.)
2017,8,INSOLV_16,Machinery operators and drivers (no.)
2011,6,INSOLV_17,Labourers (no.)
2012,11,INSOLV_17,Labourers (no.)
2013,12,INSOLV_17,Labourers (no.)
2014,7,INSOLV_17,Labourers (no.)
2015,16,INSOLV_17,Labourers (no.)
2016,12,INSOLV_17,Labourers (no.)
2017,13,INSOLV_17,Labourers (no.)
2011,12,INSOLV_18,Debtors with other or unknown occupations (no.)
2012,12,INSOLV_18,Debtors with other or unknown occupations (no.)
2013,9,INSOLV_18,Debtors with other or unknown occupations (no.)
2014,11,INSOLV_18,Debtors with other or unknown occupations (no.)
2015,12,INSOLV_18,Debtors with other or unknown occupations (no.)
2016,8,INSOLV_18,Debtors with other or unknown occupations (no.)
2017,6,INSOLV_18,Debtors with other or unknown occupations (no.)
2013,58259,MVC_14,Passenger vehicles (no.)
2014,59346,MVC_14,Passenger vehicles (no.)
2015,60801,MVC_14,Passenger vehicles (no.)
2016,61821,MVC_14,Passenger vehicles (no.)
2017,62142,MVC_14,Passenger vehicles (no.)
2013,76,MVC_15,Campervans (no.)
2014,77,MVC_15,Campervans (no.)
2015,86,MVC_15,Campervans (no.)
2016,107,MVC_15,Campervans (no.)
2017,108,MVC_15,Campervans (no.)
2013,5089,MVC_16,Light commercial vehicles (no.)
2014,5135,MVC_16,Light commercial vehicles (no.)
2015,5372,MVC_16,Light commercial vehicles (no.)
2016,5518,MVC_16,Light commercial vehicles (no.)
2017,5820,MVC_16,Light commercial vehicles (no.)
2013,308,MVC_17,Light rigid trucks (no.)
2014,331,MVC_17,Light rigid trucks (no.)
2015,345,MVC_17,Light rigid trucks (no.)
2016,361,MVC_17,Light rigid trucks (no.)
2017,418,MVC_17,Light rigid trucks (no.)
2013,331,MVC_18,Heavy rigid trucks (no.)
2014,356,MVC_18,Heavy rigid trucks (no.)
2015,360,MVC_18,Heavy rigid trucks (no.)
2016,367,MVC_18,Heavy rigid trucks (no.)
2017,374,MVC_18,Heavy rigid trucks (no.)
2013,157,MVC_19,Articulated trucks (no.)
2014,169,MVC_19,Articulated trucks (no.)
2015,171,MVC_19,Articulated trucks (no.)
2016,181,MVC_19,Articulated trucks (no.)
2017,214,MVC_19,Articulated trucks (no.)
2013,7,MVC_20,Non-freight carrying trucks (no.)
2014,10,MVC_20,Non-freight carrying trucks (no.)
2015,8,MVC_20,Non-freight carrying trucks (no.)
2016,12,MVC_20,Non-freight carrying trucks (no.)
2017,9,MVC_20,Non-freight carrying trucks (no.)
2013,121,MVC_21,Buses (no.)
2014,111,MVC_21,Buses (no.)
2015,130,MVC_21,Buses (no.)
2016,133,MVC_21,Buses (no.)
2017,133,MVC_21,Buses (no.)
2013,3395,MVC_22,Motorcycles (no.)
2014,3677,MVC_22,Motorcycles (no.)
2015,4019,MVC_22,Motorcycles (no.)
2016,4187,MVC_22,Motorcycles (no.)
2017,4492,MVC_22,Motorcycles (no.)
2013,67728,MVC_38,Total Registered Motor Vehicles (no.)
2014,69212,MVC_38,Total Registered Motor Vehicles (no.)
2015,71275,MVC_38,Total Registered Motor Vehicles (no.)
2016,72650,MVC_38,Total Registered Motor Vehicles (no.)
2017,73696,MVC_38,Total Registered Motor Vehicles (no.)
2013,61204,MVC_29,Petrol (no.)
2014,61824,MVC_29,Petrol (no.)
2015,63007,MVC_29,Petrol (no.)
2016,63570,MVC_29,Petrol (no.)
2017,63675,MVC_29,Petrol (no.)
2013,5148,MVC_30,Diesel (no.)
2014,5958,MVC_30,Diesel (no.)
2015,6929,MVC_30,Diesel (no.)
2016,7785,MVC_30,Diesel (no.)
2017,8769,MVC_30,Diesel (no.)
2013,1090,MVC_31,LPG/Dual/Other (no.)
2014,1051,MVC_31,LPG/Dual/Other (no.)
2015,950,MVC_31,LPG/Dual/Other (no.)
2016,806,MVC_31,LPG/Dual/Other (no.)
2017,703,MVC_31,LPG/Dual/Other (no.)
2013,8,MVC_33,Electric (no.)
2014,8,MVC_33,Electric (no.)
2015,16,MVC_33,Electric (no.)
2016,31,MVC_33,Electric (no.)
2017,44,MVC_33,Electric (no.)
2013,18817,MVC_35,Less than 5 years (no.)
2014,19500,MVC_35,Less than 5 years (no.)
2015,20007,MVC_35,Less than 5 years (no.)
2016,20935,MVC_35,Less than 5 years (no.)
2017,21303,MVC_35,Less than 5 years (no.)
2013,21897,MVC_36,5 to 10 years (no.)
2014,22123,MVC_36,5 to 10 years (no.)
2015,22575,MVC_36,5 to 10 years (no.)
2016,22562,MVC_36,5 to 10 years (no.)
2017,22906,MVC_36,5 to 10 years (no.)
2013,27014,MVC_37,Over 10 years (no.)
2014,27589,MVC_37,Over 10 years (no.)
2015,28693,MVC_37,Over 10 years (no.)
2016,29153,MVC_37,Over 10 years (no.)
2017,29487,MVC_37,Over 10 years (no.)
2011,0.1,EMP_IND_2,"Agriculture, Forestry and Fishing (%)"
2016,0.2,EMP_IND_2,"Agriculture, Forestry and Fishing (%)"
2011,0.2,EMP_IND_3,Mining (%)
2016,0.2,EMP_IND_3,Mining (%)
2011,4.3,EMP_IND_4,Manufacturing  (%)
2016,2.8,EMP_IND_4,Manufacturing  (%)
2011,0.7,EMP_IND_5,"Electricity, Gas, Water & Waste Services (%)"
2016,0.6,EMP_IND_5,"Electricity, Gas, Water & Waste Services (%)"
2011,6,EMP_IND_6,Construction (%)
2016,7.2,EMP_IND_6,Construction (%)
2011,3.8,EMP_IND_7,Wholesale trade (%)
2016,2.5,EMP_IND_7,Wholesale trade (%)
2011,7.7,EMP_IND_8,Retail trade (%)
2016,7.3,EMP_IND_8,Retail trade (%)
2011,6.6,EMP_IND_9,Accommodation and food services (%)
2016,6.8,EMP_IND_9,Accommodation and food services (%)
2011,5,EMP_IND_10,"Transport, Postal and Warehousing (%)"
2016,4.5,EMP_IND_10,"Transport, Postal and Warehousing (%)"
2011,3.9,EMP_IND_11,Information media and telecommunications (%)
2016,3.5,EMP_IND_11,Information media and telecommunications (%)
2011,7.5,EMP_IND_12,Financial and insurance services (%)
2016,7.1,EMP_IND_12,Financial and insurance services (%)
2011,2.1,EMP_IND_13,"Rental, Hiring, & Real Estate Services (%)"
2016,2.3,EMP_IND_13,"Rental, Hiring, & Real Estate Services (%)"
2011,11.9,EMP_IND_14,Professional Scientific & Technical Services (%)
2016,12,EMP_IND_14,Professional Scientific & Technical Services (%)
2011,3.5,EMP_IND_15,Administrative and support services (%)
2016,3.7,EMP_IND_15,Administrative and support services (%)
2011,6.3,EMP_IND_16,Public administration and safety (%)
2016,5.9,EMP_IND_16,Public administration and safety (%)
2011,10.2,EMP_IND_17,Education and training (%)
2016,11.1,EMP_IND_17,Education and training (%)
2011,12.3,EMP_IND_18,Health care and social assistance (%)
2016,12.6,EMP_IND_18,Health care and social assistance (%)
2011,2.6,EMP_IND_19,Arts and recreation services (%)
2016,2.6,EMP_IND_19,Arts and recreation services (%)
2011,3.1,EMP_IND_20,Other services (%)
2016,3.1,EMP_IND_20,Other services (%)
2011,63019,EMP_IND_21,Total persons employed (no.)
2016,68276,EMP_IND_21,Total persons employed (no.)
2011,67593,INCOME_4,Employee income earners (no.)
2012,69365,INCOME_4,Employee income earners (no.)
2013,72067,INCOME_4,Employee income earners (no.)
2014,74946,INCOME_4,Employee income earners (no.)
2015,79398,INCOME_4,Employee income earners (no.)
2016,80205,INCOME_4,Employee income earners (no.)
2011,35,INCOME_20,Employee income earners - median age (years)
2012,35,INCOME_20,Employee income earners - median age (years)
2013,35,INCOME_20,Employee income earners - median age (years)
2014,36,INCOME_20,Employee income earners - median age (years)
2015,36,INCOME_20,Employee income earners - median age (years)
2016,36,INCOME_20,Employee income earners - median age (years)
2011,4122324728,INCOME_3,Total employee income ($)
2012,4404502304,INCOME_3,Total employee income ($)
2013,4753887272,INCOME_3,Total employee income ($)
2014,5128126286,INCOME_3,Total employee income ($)
2015,5660204524,INCOME_3,Total employee income ($)
2016,5994716750,INCOME_3,Total employee income ($)
2011,47253,INCOME_2,Median employee income ($)
2012,49635,INCOME_2,Median employee income ($)
2013,51026,INCOME_2,Median employee income ($)
2014,52730,INCOME_2,Median employee income ($)
2015,54979,INCOME_2,Median employee income ($)
2016,57011,INCOME_2,Median employee income ($)
2011,60987,INCOME_21,Mean employee income ($)
2012,63497,INCOME_21,Mean employee income ($)
2013,65965,INCOME_21,Mean employee income ($)
2014,68424,INCOME_21,Mean employee income ($)
2015,71289,INCOME_21,Mean employee income ($)
2016,74742,INCOME_21,Mean employee income ($)
2011,77.3,INCOME_22,Employee income as main source of income (%)
2012,77.2,INCOME_22,Employee income as main source of income (%)
2013,77.5,INCOME_22,Employee income as main source of income (%)
2014,77.5,INCOME_22,Employee income as main source of income (%)
2015,77.2,INCOME_22,Employee income as main source of income (%)
2016,77,INCOME_22,Employee income as main source of income (%)
2011,10966,INCOME_7,Own unincorporated business income earners (no.)
2012,11170,INCOME_7,Own unincorporated business income earners (no.)
2013,11384,INCOME_7,Own unincorporated business income earners (no.)
2014,11728,INCOME_7,Own unincorporated business income earners (no.)
2015,12137,INCOME_7,Own unincorporated business income earners (no.)
2016,12707,INCOME_7,Own unincorporated business income earners (no.)
2011,45,INCOME_23,Own unincorporated business income earners - median age (years)
2012,45,INCOME_23,Own unincorporated business income earners - median age (years)
2013,45,INCOME_23,Own unincorporated business income earners - median age (years)
2014,45,INCOME_23,Own unincorporated business income earners - median age (years)
2015,45,INCOME_23,Own unincorporated business income earners - median age (years)
2016,44,INCOME_23,Own unincorporated business income earners - median age (years)
2011,397460249,INCOME_6,Total own unincorporated business income ($)
2012,410453904,INCOME_6,Total own unincorporated business income ($)
2013,418166961,INCOME_6,Total own unincorporated business income ($)
2014,470395442,INCOME_6,Total own unincorporated business income ($)
2015,510653243,INCOME_6,Total own unincorporated business income ($)
2016,528904738,INCOME_6,Total own unincorporated business income ($)
2011,12985,INCOME_5,Median own unincorporated business income ($)
2012,13438,INCOME_5,Median own unincorporated business income ($)
2013,14123,INCOME_5,Median own unincorporated business income ($)
2014,14695,INCOME_5,Median own unincorporated business income ($)
2015,14919,INCOME_5,Median own unincorporated business income ($)
2016,14930,INCOME_5,Median own unincorporated business income ($)
2011,36245,INCOME_24,Mean own unincorporated business income ($)
2012,36746,INCOME_24,Mean own unincorporated business income ($)
2013,36733,INCOME_24,Mean own unincorporated business income ($)
2014,40109,INCOME_24,Mean own unincorporated business income ($)
2015,42074,INCOME_24,Mean own unincorporated business income ($)
2016,41623,INCOME_24,Mean own unincorporated business income ($)
2011,7.4,INCOME_25,Own unincorporated business income as main source of income (%)
2012,7.3,INCOME_25,Own unincorporated business income as main source of income (%)
2013,7.4,INCOME_25,Own unincorporated business income as main source of income (%)
2014,7.3,INCOME_25,Own unincorporated business income as main source of income (%)
2015,7.3,INCOME_25,Own unincorporated business income as main source of income (%)
2016,7.5,INCOME_25,Own unincorporated business income as main source of income (%)
2011,56380,INCOME_10,Investment income earners (no.)
2012,58491,INCOME_10,Investment income earners (no.)
2013,59734,INCOME_10,Investment income earners (no.)
2014,61541,INCOME_10,Investment income earners (no.)
2015,65192,INCOME_10,Investment income earners (no.)
2016,66512,INCOME_10,Investment income earners (no.)
2011,41,INCOME_26,Investment income earners - median age (years)
2012,41,INCOME_26,Investment income earners - median age (years)
2013,41,INCOME_26,Investment income earners - median age (years)
2014,41,INCOME_26,Investment income earners - median age (years)
2015,41,INCOME_26,Investment income earners - median age (years)
2016,41,INCOME_26,Investment income earners - median age (years)
2011,581881642,INCOME_9,Total investment income ($)
2012,620893104,INCOME_9,Total investment income ($)
2013,667513066,INCOME_9,Total investment income ($)
2014,732910710,INCOME_9,Total investment income ($)
2015,747774925,INCOME_9,Total investment income ($)
2016,775430507,INCOME_9,Total investment income ($)
2011,707,INCOME_8,Median investment income ($)
2012,691,INCOME_8,Median investment income ($)
2013,643,INCOME_8,Median investment income ($)
2014,655,INCOME_8,Median investment income ($)
2015,587,INCOME_8,Median investment income ($)
2016,506,INCOME_8,Median investment income ($)
2011,10321,INCOME_27,Mean investment income ($)
2012,10615,INCOME_27,Mean investment income ($)
2013,11175,INCOME_27,Mean investment income ($)
2014,11909,INCOME_27,Mean investment income ($)
2015,11470,INCOME_27,Mean investment income ($)
2016,11659,INCOME_27,Mean investment income ($)
2011,13.8,INCOME_28,Investment income as main source of income (%)
2012,13.9,INCOME_28,Investment income as main source of income (%)
2013,13.6,INCOME_28,Investment income as main source of income (%)
2014,13.7,INCOME_28,Investment income as main source of income (%)
2015,14,INCOME_28,Investment income as main source of income (%)
2016,14,INCOME_28,Investment income as main source of income (%)
2011,1664,INCOME_13,Superannuation and annuity income earners (no.)
2012,1720,INCOME_13,Superannuation and annuity income earners (no.)
2013,1731,INCOME_13,Superannuation and annuity income earners (no.)
2014,1755,INCOME_13,Superannuation and annuity income earners (no.)
2015,1725,INCOME_13,Superannuation and annuity income earners (no.)
2016,1631,INCOME_13,Superannuation and annuity income earners (no.)
2011,59,INCOME_29,Superannuation and annuity income earners - median age (years)
2012,59,INCOME_29,Superannuation and annuity income earners - median age (years)
2013,59,INCOME_29,Superannuation and annuity income earners - median age (years)
2014,59,INCOME_29,Superannuation and annuity income earners - median age (years)
2015,59,INCOME_29,Superannuation and annuity income earners - median age (years)
2016,59,INCOME_29,Superannuation and annuity income earners - median age (years)
2011,38643176,INCOME_12,Total superannuation and annuity income ($)
2012,43098921,INCOME_12,Total superannuation and annuity income ($)
2013,43123493,INCOME_12,Total superannuation and annuity income ($)
2014,47747476,INCOME_12,Total superannuation and annuity income ($)
2015,47625156,INCOME_12,Total superannuation and annuity income ($)
2016,45438681,INCOME_12,Total superannuation and annuity income ($)
2011,16000,INCOME_11,Median superannuation and annuity income ($)
2012,16618,INCOME_11,Median superannuation and annuity income ($)
2013,15875,INCOME_11,Median superannuation and annuity income ($)
2014,17048,INCOME_11,Median superannuation and annuity income ($)
2015,18335,INCOME_11,Median superannuation and annuity income ($)
2016,19657,INCOME_11,Median superannuation and annuity income ($)
2011,23223,INCOME_30,Mean superannuation and annuity income ($)
2012,25058,INCOME_30,Mean superannuation and annuity income ($)
2013,24912,INCOME_30,Mean superannuation and annuity income ($)
2014,27207,INCOME_30,Mean superannuation and annuity income ($)
2015,27609,INCOME_30,Mean superannuation and annuity income ($)
2016,27859,INCOME_30,Mean superannuation and annuity income ($)
2011,0.9,INCOME_31,Superannuation and annuity income as main source of income (%)
2012,0.9,INCOME_31,Superannuation and annuity income as main source of income (%)
2013,0.9,INCOME_31,Superannuation and annuity income as main source of income (%)
2014,0.9,INCOME_31,Superannuation and annuity income as main source of income (%)
2015,0.9,INCOME_31,Superannuation and annuity income as main source of income (%)
2016,0.9,INCOME_31,Superannuation and annuity income as main source of income (%)
2011,75575,INCOME_19,Total income earners (excl. Government pensions and allowances) (no.)
2012,77004,INCOME_19,Total income earners (excl. Government pensions and allowances) (no.)
2013,78676,INCOME_19,Total income earners (excl. Government pensions and allowances) (no.)
2014,80953,INCOME_19,Total income earners (excl. Government pensions and allowances) (no.)
2015,84050,INCOME_19,Total income earners (excl. Government pensions and allowances) (no.)
2016,85093,INCOME_19,Total income earners (excl. Government pensions and allowances) (no.)
2011,39,INCOME_35,Total income earners (excl. Government pensions and allowances) - median age (years)
2012,39,INCOME_35,Total income earners (excl. Government pensions and allowances) - median age (years)
2013,39,INCOME_35,Total income earners (excl. Government pensions and allowances) - median age (years)
2014,39,INCOME_35,Total income earners (excl. Government pensions and allowances) - median age (years)
2015,39,INCOME_35,Total income earners (excl. Government pensions and allowances) - median age (years)
2016,39,INCOME_35,Total income earners (excl. Government pensions and allowances) - median age (years)
2011,5034663477,INCOME_18,Total income (excl. Government pensions and allowances) ($)
2012,5362590465,INCOME_18,Total income (excl. Government pensions and allowances) ($)
2013,5718038935,INCOME_18,Total income (excl. Government pensions and allowances) ($)
2014,6151543440,INCOME_18,Total income (excl. Government pensions and allowances) ($)
2015,6560132363,INCOME_18,Total income (excl. Government pensions and allowances) ($)
2016,6915185763,INCOME_18,Total income (excl. Government pensions and allowances) ($)
2011,47811,INCOME_17,Median total income (excl. Government pensions and allowances) ($)
2012,50487,INCOME_17,Median total income (excl. Government pensions and allowances) ($)
2013,52474,INCOME_17,Median total income (excl. Government pensions and allowances) ($)
2014,54458,INCOME_17,Median total income (excl. Government pensions and allowances) ($)
2015,56143,INCOME_17,Median total income (excl. Government pensions and allowances) ($)
2016,57927,INCOME_17,Median total income (excl. Government pensions and allowances) ($)
2011,66618,INCOME_36,Mean total income (excl. Government pensions and allowances) ($)
2012,69640,INCOME_36,Mean total income (excl. Government pensions and allowances) ($)
2013,72678,INCOME_36,Mean total income (excl. Government pensions and allowances) ($)
2014,75989,INCOME_36,Mean total income (excl. Government pensions and allowances) ($)
2015,78050,INCOME_36,Mean total income (excl. Government pensions and allowances) ($)
2016,81266,INCOME_36,Mean total income (excl. Government pensions and allowances) ($)
2011,5.45,INCOME_37,Total income (excl. Government pensions and allowances) - P80/P20 ratio
2012,5.33,INCOME_37,Total income (excl. Government pensions and allowances) - P80/P20 ratio
2013,5.08,INCOME_37,Total income (excl. Government pensions and allowances) - P80/P20 ratio
2014,5.13,INCOME_37,Total income (excl. Government pensions and allowances) - P80/P20 ratio
2015,5.18,INCOME_37,Total income (excl. Government pensions and allowances) - P80/P20 ratio
2016,5.38,INCOME_37,Total income (excl. Government pensions and allowances) - P80/P20 ratio
2011,1.93,INCOME_38,Total income (excl. Government pensions and allowances) - P80/P50 ratio
2012,1.91,INCOME_38,Total income (excl. Government pensions and allowances) - P80/P50 ratio
2013,1.91,INCOME_38,Total income (excl. Government pensions and allowances) - P80/P50 ratio
2014,1.91,INCOME_38,Total income (excl. Government pensions and allowances) - P80/P50 ratio
2015,1.91,INCOME_38,Total income (excl. Government pensions and allowances) - P80/P50 ratio
2016,1.93,INCOME_38,Total income (excl. Government pensions and allowances) - P80/P50 ratio
2011,0.35,INCOME_39,Total income (excl. Government pensions and allowances) - P20/P50 ratio
2012,0.36,INCOME_39,Total income (excl. Government pensions and allowances) - P20/P50 ratio
2013,0.38,INCOME_39,Total income (excl. Government pensions and allowances) - P20/P50 ratio
2014,0.37,INCOME_39,Total income (excl. Government pensions and allowances) - P20/P50 ratio
2015,0.37,INCOME_39,Total income (excl. Government pensions and allowances) - P20/P50 ratio
2016,0.36,INCOME_39,Total income (excl. Government pensions and allowances) - P20/P50 ratio
2011,0.16,INCOME_40,Total income (excl. Government pensions and allowances) - P10/P50 ratio
2012,0.17,INCOME_40,Total income (excl. Government pensions and allowances) - P10/P50 ratio
2013,0.18,INCOME_40,Total income (excl. Government pensions and allowances) - P10/P50 ratio
2014,0.18,INCOME_40,Total income (excl. Government pensions and allowances) - P10/P50 ratio
2015,0.18,INCOME_40,Total income (excl. Government pensions and allowances) - P10/P50 ratio
2016,0.17,INCOME_40,Total income (excl. Government pensions and allowances) - P10/P50 ratio
2011,0.513,INCOME_41,Total income (excl. Government pensions and allowances) - Gini coefficient
2012,0.508,INCOME_41,Total income (excl. Government pensions and allowances) - Gini coefficient
2013,0.508,INCOME_41,Total income (excl. Government pensions and allowances) - Gini coefficient
2014,0.507,INCOME_41,Total income (excl. Government pensions and allowances) - Gini coefficient
2015,0.506,INCOME_41,Total income (excl. Government pensions and allowances) - Gini coefficient
2016,0.515,INCOME_41,Total income (excl. Government pensions and allowances) - Gini coefficient
2011,11.3,INCOME_42,Total income (excl. Government pensions and allowances) - Income share of top 1% of earners
2012,10.8,INCOME_42,Total income (excl. Government pensions and allowances) - Income share of top 1% of earners
2013,11,INCOME_42,Total income (excl. Government pensions and allowances) - Income share of top 1% of earners
2014,11.4,INCOME_42,Total income (excl. Government pensions and allowances) - Income share of top 1% of earners
2015,11,INCOME_42,Total income (excl. Government pensions and allowances) - Income share of top 1% of earners
2016,11.4,INCOME_42,Total income (excl. Government pensions and allowances) - Income share of top 1% of earners
2011,26.1,INCOME_43,Total income (excl. Government pensions and allowances) - Income share of top 5% of earners
2012,25.6,INCOME_43,Total income (excl. Government pensions and allowances) - Income share of top 5% of earners
2013,25.7,INCOME_43,Total income (excl. Government pensions and allowances) - Income share of top 5% of earners
2014,26.1,INCOME_43,Total income (excl. Government pensions and allowances) - Income share of top 5% of earners
2015,25.7,INCOME_43,Total income (excl. Government pensions and allowances) - Income share of top 5% of earners
2016,26.2,INCOME_43,Total income (excl. Government pensions and allowances) - Income share of top 5% of earners
2011,37.4,INCOME_44,Total income (excl. Government pensions and allowances) - Income share of top 10% of earners
2012,36.9,INCOME_44,Total income (excl. Government pensions and allowances) - Income share of top 10% of earners
2013,37,INCOME_44,Total income (excl. Government pensions and allowances) - Income share of top 10% of earners
2014,37.2,INCOME_44,Total income (excl. Government pensions and allowances) - Income share of top 10% of earners
2015,37,INCOME_44,Total income (excl. Government pensions and allowances) - Income share of top 10% of earners
2016,37.5,INCOME_44,Total income (excl. Government pensions and allowances) - Income share of top 10% of earners
2011,22.1,INCOME_45,Total income (excl. Government pensions and allowances) - Lowest Quartile (%)
2012,22.3,INCOME_45,Total income (excl. Government pensions and allowances) - Lowest Quartile (%)
2013,22,INCOME_45,Total income (excl. Government pensions and allowances) - Lowest Quartile (%)
2014,21.9,INCOME_45,Total income (excl. Government pensions and allowances) - Lowest Quartile (%)
2015,21.7,INCOME_45,Total income (excl. Government pensions and allowances) - Lowest Quartile (%)
2016,21.6,INCOME_45,Total income (excl. Government pensions and allowances) - Lowest Quartile (%)
2011,21.6,INCOME_46,Total income (excl. Government pensions and allowances) - Second Quartile (%)
2012,21.4,INCOME_46,Total income (excl. Government pensions and allowances) - Second Quartile (%)
2013,21.4,INCOME_46,Total income (excl. Government pensions and allowances) - Second Quartile (%)
2014,21,INCOME_46,Total income (excl. Government pensions and allowances) - Second Quartile (%)
2015,20.6,INCOME_46,Total income (excl. Government pensions and allowances) - Second Quartile (%)
2016,20.4,INCOME_46,Total income (excl. Government pensions and allowances) - Second Quartile (%)
2011,22.8,INCOME_47,Total income (excl. Government pensions and allowances) - Third Quartile (%)
2012,22.9,INCOME_47,Total income (excl. Government pensions and allowances) - Third Quartile (%)
2013,23.3,INCOME_47,Total income (excl. Government pensions and allowances) - Third Quartile (%)
2014,23.2,INCOME_47,Total income (excl. Government pensions and allowances) - Third Quartile (%)
2015,23.2,INCOME_47,Total income (excl. Government pensions and allowances) - Third Quartile (%)
2016,22.8,INCOME_47,Total income (excl. Government pensions and allowances) - Third Quartile (%)
2011,33.5,INCOME_48,Total income (excl. Government pensions and allowances) - Highest Quartile (%)
2012,33.4,INCOME_48,Total income (excl. Government pensions and allowances) - Highest Quartile (%)
2013,33.3,INCOME_48,Total income (excl. Government pensions and allowances) - Highest Quartile (%)
2014,33.9,INCOME_48,Total income (excl. Government pensions and allowances) - Highest Quartile (%)
2015,34.5,INCOME_48,Total income (excl. Government pensions and allowances) - Highest Quartile (%)
2016,35.1,INCOME_48,Total income (excl. Government pensions and allowances) - Highest Quartile (%)
2011,5085,CAPGAINS_1,Gross Capital Gains reported by taxpayers - Persons (no.)
2012,4601,CAPGAINS_1,Gross Capital Gains reported by taxpayers - Persons (no.)
2013,5239,CAPGAINS_1,Gross Capital Gains reported by taxpayers - Persons (no.)
2014,6278,CAPGAINS_1,Gross Capital Gains reported by taxpayers - Persons (no.)
2015,6951,CAPGAINS_1,Gross Capital Gains reported by taxpayers - Persons (no.)
2016,6920,CAPGAINS_1,Gross Capital Gains reported by taxpayers - Persons (no.)
2011,185.8,CAPGAINS_2,Gross Capital Gains reported by taxpayers - Amount ($m)
2012,162.2,CAPGAINS_2,Gross Capital Gains reported by taxpayers - Amount ($m)
2013,192.2,CAPGAINS_2,Gross Capital Gains reported by taxpayers - Amount ($m)
2014,313.4,CAPGAINS_2,Gross Capital Gains reported by taxpayers - Amount ($m)
2015,472.7,CAPGAINS_2,Gross Capital Gains reported by taxpayers - Amount ($m)
2016,444.5,CAPGAINS_2,Gross Capital Gains reported by taxpayers - Amount ($m)
2011,3180,CAPGAINS_3,Gross Capital Gains reported by taxpayers  - Median ($)
2012,2332,CAPGAINS_3,Gross Capital Gains reported by taxpayers  - Median ($)
2013,2074,CAPGAINS_3,Gross Capital Gains reported by taxpayers  - Median ($)
2014,3134,CAPGAINS_3,Gross Capital Gains reported by taxpayers  - Median ($)
2015,3946,CAPGAINS_3,Gross Capital Gains reported by taxpayers  - Median ($)
2016,2878,CAPGAINS_3,Gross Capital Gains reported by taxpayers  - Median ($)
2011,36544,CAPGAINS_4,Gross Capital Gains reported by taxpayers - Mean ($)
2012,35262,CAPGAINS_4,Gross Capital Gains reported by taxpayers - Mean ($)
2013,36694,CAPGAINS_4,Gross Capital Gains reported by taxpayers - Mean ($)
2014,49914,CAPGAINS_4,Gross Capital Gains reported by taxpayers - Mean ($)
2015,68001,CAPGAINS_4,Gross Capital Gains reported by taxpayers - Mean ($)
2016,64239,CAPGAINS_4,Gross Capital Gains reported by taxpayers - Mean ($)
2011,10617,PENSION_2,Age Pension - Centrelink (no.)
2012,10555,PENSION_2,Age Pension - Centrelink (no.)
2013,10702,PENSION_2,Age Pension - Centrelink (no.)
2014,10766,PENSION_2,Age Pension - Centrelink (no.)
2015,10898,PENSION_2,Age Pension - Centrelink (no.)
2016,10742,PENSION_2,Age Pension - Centrelink (no.)
2017,10135,PENSION_2,Age Pension - Centrelink (no.)
2012,14,PENSION_3,Age Pension - DVA (no.)
2013,11,PENSION_3,Age Pension - DVA (no.)
2014,7,PENSION_3,Age Pension - DVA (no.)
2015,5,PENSION_3,Age Pension - DVA (no.)
2016,5,PENSION_3,Age Pension - DVA (no.)
2017,4,PENSION_3,Age Pension - DVA (no.)
2012,430,PENSION_4,Service Pension - DVA (no.)
2013,384,PENSION_4,Service Pension - DVA (no.)
2014,322,PENSION_4,Service Pension - DVA (no.)
2015,280,PENSION_4,Service Pension - DVA (no.)
2016,226,PENSION_4,Service Pension - DVA (no.)
2017,183,PENSION_4,Service Pension - DVA (no.)
2012,327,PENSION_5,Income Support Supplement - DVA (no.)
2013,301,PENSION_5,Income Support Supplement - DVA (no.)
2014,271,PENSION_5,Income Support Supplement - DVA (no.)
2015,245,PENSION_5,Income Support Supplement - DVA (no.)
2016,217,PENSION_5,Income Support Supplement - DVA (no.)
2017,190,PENSION_5,Income Support Supplement - DVA (no.)
2011,659,PENSION_6,Carer Payment (no.)
2012,677,PENSION_6,Carer Payment (no.)
2013,709,PENSION_6,Carer Payment (no.)
2014,730,PENSION_6,Carer Payment (no.)
2015,736,PENSION_6,Carer Payment (no.)
2016,734,PENSION_6,Carer Payment (no.)
2017,685,PENSION_6,Carer Payment (no.)
2011,3246,PENSION_7,Disability Support Pension (no.)
2012,3248,PENSION_7,Disability Support Pension (no.)
2013,3181,PENSION_7,Disability Support Pension (no.)
2014,3215,PENSION_7,Disability Support Pension (no.)
2015,3133,PENSION_7,Disability Support Pension (no.)
2016,3018,PENSION_7,Disability Support Pension (no.)
2017,2889,PENSION_7,Disability Support Pension (no.)
2011,1848,PENSION_8,Newstart Allowance (no.)
2012,1980,PENSION_8,Newstart Allowance (no.)
2013,2298,PENSION_8,Newstart Allowance (no.)
2014,2250,PENSION_8,Newstart Allowance (no.)
2015,2178,PENSION_8,Newstart Allowance (no.)
2016,1964,PENSION_8,Newstart Allowance (no.)
2017,1717,PENSION_8,Newstart Allowance (no.)
2011,890,PENSION_10,Parenting Payment - Single (no.)
2012,851,PENSION_10,Parenting Payment - Single (no.)
2013,614,PENSION_10,Parenting Payment - Single (no.)
2014,619,PENSION_10,Parenting Payment - Single (no.)
2015,599,PENSION_10,Parenting Payment - Single (no.)
2016,540,PENSION_10,Parenting Payment - Single (no.)
2017,518,PENSION_10,Parenting Payment - Single (no.)
2017,119,PENSION_17,Parenting Payment - Partnered (no.)
2011,2124,PENSION_11,Youth Allowance (Full time students/apprentices) (no.)
2012,1950,PENSION_11,Youth Allowance (Full time students/apprentices) (no.)
2013,2018,PENSION_11,Youth Allowance (Full time students/apprentices) (no.)
2014,2070,PENSION_11,Youth Allowance (Full time students/apprentices) (no.)
2015,1822,PENSION_11,Youth Allowance (Full time students/apprentices) (no.)
2016,1620,PENSION_11,Youth Allowance (Full time students/apprentices) (no.)
2017,1277,PENSION_11,Youth Allowance (Full time students/apprentices) (no.)
2011,150,PENSION_12,Youth Allowance (Other) (no.)
2012,136,PENSION_12,Youth Allowance (Other) (no.)
2013,204,PENSION_12,Youth Allowance (Other) (no.)
2014,196,PENSION_12,Youth Allowance (Other) (no.)
2015,207,PENSION_12,Youth Allowance (Other) (no.)
2016,153,PENSION_12,Youth Allowance (Other) (no.)
2017,138,PENSION_12,Youth Allowance (Other) (no.)
2012,4929,PENSION_13,Family Tax Benefit A (no.)
2013,4590,PENSION_13,Family Tax Benefit A (no.)
2014,4468,PENSION_13,Family Tax Benefit A (no.)
2015,4208,PENSION_13,Family Tax Benefit A (no.)
2016,3940,PENSION_13,Family Tax Benefit A (no.)
2017,3552,PENSION_13,Family Tax Benefit A (no.)
2012,4238,PENSION_14,Family Tax Benefit B (no.)
2013,4054,PENSION_14,Family Tax Benefit B (no.)
2014,3908,PENSION_14,Family Tax Benefit B (no.)
2015,3793,PENSION_14,Family Tax Benefit B (no.)
2016,3272,PENSION_14,Family Tax Benefit B (no.)
2017,2881,PENSION_14,Family Tax Benefit B (no.)
2016,20.2,PERSINC_2,Persons earning $1-$499 per week (%)
2016,17.6,PERSINC_3,Persons earning $500-$999 per week (%)
2016,25,PERSINC_4,Persons earning $1000-$1999 per week (%)
2016,7.8,PERSINC_5,Persons earning $2000-$2999 per week (%)
2016,6.6,PERSINC_6,Persons earning $3000 or more per week (%)
2016,11.8,PERSINC_7,Persons earning nil income (%)
2016,0.5,PERSINC_8,Persons with a negative income (%)
2011,1009,EQUIV_2,Median equivalised total household income (weekly)  ($)
2016,1196,EQUIV_2,Median equivalised total household income (weekly)  ($)
2016,1274,PRESCH_2,4 year olds enrolled in preschool or in a preschool program (no.)
2017,1260,PRESCH_2,4 year olds enrolled in preschool or in a preschool program (no.)
2016,276,PRESCH_3,5 year olds enrolled in preschool or in a preschool program (no.)
2017,316,PRESCH_3,5 year olds enrolled in preschool or in a preschool program (no.)
2016,274,PRESCH_5,Total enrolled in preschool (no.)
2017,282,PRESCH_5,Total enrolled in preschool (no.)
2016,1199,PRESCH_6,Enrolled in preschool program within a long day care centre (no.)
2017,1227,PRESCH_6,Enrolled in preschool program within a long day care centre (no.)
2016,74,PRESCH_7,Children enrolled across more than one provider type (no.)
2017,70,PRESCH_7,Children enrolled across more than one provider type (no.)
2016,1538,PRESCH_8,Total enrolled in a preschool program (no.)
2017,1571,PRESCH_8,Total enrolled in a preschool program (no.)
2016,88,PRESCH_10,Children attending preschool for less than 15 hours (no.)
2017,98,PRESCH_10,Children attending preschool for less than 15 hours (no.)
2016,1374,PRESCH_11,Children attending preschool for 15 hours or more (no.)
2017,1379,PRESCH_11,Children attending preschool for 15 hours or more (no.)
2011,2922,HELP_2,Taxpayers with Higher Education Loan Program (HELP) repayment (no.)
2012,3032,HELP_2,Taxpayers with Higher Education Loan Program (HELP) repayment (no.)
2013,3150,HELP_2,Taxpayers with Higher Education Loan Program (HELP) repayment (no.)
2014,3370,HELP_2,Taxpayers with Higher Education Loan Program (HELP) repayment (no.)
2015,3570,HELP_2,Taxpayers with Higher Education Loan Program (HELP) repayment (no.)
2016,3962,HELP_2,Taxpayers with Higher Education Loan Program (HELP) repayment (no.)
2011,66,SCHOOL_2,With Post School Qualifications (%)
2016,68.7,SCHOOL_2,With Post School Qualifications (%)
2011,8.7,SCHOOL_3,With Postgraduate Degree (%)
2016,10.6,SCHOOL_3,With Postgraduate Degree (%)
2011,2,SCHOOL_4,With Graduate Diploma/Graduate Certificate (%)
2016,2.2,SCHOOL_4,With Graduate Diploma/Graduate Certificate (%)
2011,22.3,SCHOOL_5,With Bachelor Degree (%)
2016,24.7,SCHOOL_5,With Bachelor Degree (%)
2011,8.5,SCHOOL_6,With Advanced Diploma/Diploma (%)
2016,8.3,SCHOOL_6,With Advanced Diploma/Diploma (%)
2011,11.2,SCHOOL_7,With Certificate (%)
2016,11,SCHOOL_7,With Certificate (%)
2011,13.5,SCHOOL_8,"Post School Qualifications - Inadequately described, not stated (%)"
2016,12,SCHOOL_8,"Post School Qualifications - Inadequately described, not stated (%)"
2011,65,HIGH_2,Completed Year 12 or equivalent (%)
2016,69.3,HIGH_2,Completed Year 12 or equivalent (%)
2011,4,HIGH_3,Completed Year 11 or equivalent (%)
2016,3.8,HIGH_3,Completed Year 11 or equivalent (%)
2011,12.5,HIGH_4,Completed Year 10 or equivalent (%)
2016,10.4,HIGH_4,Completed Year 10 or equivalent (%)
2011,3.4,HIGH_5,Completed Year 9 or equivalent (%)
2016,2.9,HIGH_5,Completed Year 9 or equivalent (%)
2011,3.6,HIGH_6,Completed Year 8 or below (%)
2016,2.7,HIGH_6,Completed Year 8 or below (%)
2011,0.7,HIGH_7,Did not go to school (%)
2016,0.6,HIGH_7,Did not go to school (%)
2011,10.8,HIGH_8,Highest Year of School Completed - Not stated (%)
2016,10.2,HIGH_8,Highest Year of School Completed - Not stated (%)
2011,14,EMP_OCC_2,Managers (%)
2016,15.5,EMP_OCC_2,Managers (%)
2011,34.1,EMP_OCC_3,Professionals (%)
2016,34.8,EMP_OCC_3,Professionals (%)
2011,9.5,EMP_OCC_4,Technicians and trades workers (%)
2016,9.1,EMP_OCC_4,Technicians and trades workers (%)
2011,9.5,EMP_OCC_5,Community and personal service workers (%)
2016,9.8,EMP_OCC_5,Community and personal service workers (%)
2011,15.2,EMP_OCC_6,Clerical and administrative workers (%)
2016,13.6,EMP_OCC_6,Clerical and administrative workers (%)
2011,8.2,EMP_OCC_7,Sales workers (%)
2016,8.2,EMP_OCC_7,Sales workers (%)
2011,3,EMP_OCC_8,Machinery operators and drivers (%)
2016,2.8,EMP_OCC_8,Machinery operators and drivers (%)
2011,4.6,EMP_OCC_9,Labourers (%)
2016,4.7,EMP_OCC_9,Labourers (%)
2011,1.8,EMP_OCC_10,Occupation of Employed Persons - Inadequately described (%)
2016,1.6,EMP_OCC_10,Occupation of Employed Persons - Inadequately described (%)
2011,1.4,YOUTH_2,Working full-time and studying part-time (%)
2016,0.9,YOUTH_2,Working full-time and studying part-time (%)
2011,0.7,YOUTH_3,Working part time and studying part-time (%)
2016,1.1,YOUTH_3,Working part time and studying part-time (%)
2011,16.5,YOUTH_4,Working part-time and studying full-time (%)
2016,16.9,YOUTH_4,Working part-time and studying full-time (%)
2011,3.1,YOUTH_5,Working full-time (not studying) (%)
2016,2.1,YOUTH_5,Working full-time (not studying) (%)
2011,61,YOUTH_6,Studying full-time (not working) (%)
2016,64.4,YOUTH_6,Studying full-time (not working) (%)
2011,0.4,YOUTH_7,Working full-time and studying full-time (%)
2016,0.3,YOUTH_7,Working full-time and studying full-time (%)
2011,85.1,YOUTH_8,Fully engaged (%)
2016,87.6,YOUTH_8,Fully engaged (%)
2011,6920,YOUTH_9,Total persons aged 15-19 years (no.)
2016,8150,YOUTH_9,Total persons aged 15-19 years (no.)
2011,66652,LF_2,Labour Force (no. )
2016,72322,LF_2,Labour Force (no. )
2011,3633,LF_3,Unemployed (no. )
2016,4046,LF_3,Unemployed (no. )
2011,5.5,LF_4,Unemployment rate (%)
2016,5.6,LF_4,Unemployment rate (%)
2011,60.9,LF_5,Participation rate (%)
2016,60.4,LF_5,Participation rate (%)
2012,19709,DISAB_2,Persons with a disability living in private dwellings (no.)
2012,14.5,DISAB_3,Persons with a disability living in private dwellings (%)
2011,47191,PRIVATE_2,Taxpayers who report having private health insurance (no.)
2012,49087,PRIVATE_2,Taxpayers who report having private health insurance (no.)
2013,49423,PRIVATE_2,Taxpayers who report having private health insurance (no.)
2014,52532,PRIVATE_2,Taxpayers who report having private health insurance (no.)
2015,55394,PRIVATE_2,Taxpayers who report having private health insurance (no.)
2016,56503,PRIVATE_2,Taxpayers who report having private health insurance (no.)
2011,3.7,ACTIV_2,Persons who have need for assistance with core activities (%)
2016,3.8,ACTIV_2,Persons who have need for assistance with core activities (%)
2011,30008,GIFTS2,Gifts/donations reported by taxpayers - Persons (no.)
2012,29048,GIFTS2,Gifts/donations reported by taxpayers - Persons (no.)
2013,29463,GIFTS2,Gifts/donations reported by taxpayers - Persons (no.)
2014,29852,GIFTS2,Gifts/donations reported by taxpayers - Persons (no.)
2015,30825,GIFTS2,Gifts/donations reported by taxpayers - Persons (no.)
2016,29779,GIFTS2,Gifts/donations reported by taxpayers - Persons (no.)
2011,180,GIFTS3,Gifts/donations reported by taxpayers - Median ($)
2012,200,GIFTS3,Gifts/donations reported by taxpayers - Median ($)
2013,200,GIFTS3,Gifts/donations reported by taxpayers - Median ($)
2014,200,GIFTS3,Gifts/donations reported by taxpayers - Median ($)
2015,200,GIFTS3,Gifts/donations reported by taxpayers - Median ($)
2016,200,GIFTS3,Gifts/donations reported by taxpayers - Median ($)
2011,324,WORK_TRAV_3,Used one method - Train or tram (no.)
2016,537,WORK_TRAV_3,Used one method - Train or tram (no.)
2011,12962,WORK_TRAV_4,Used one method - Bus (no.)
2016,14825,WORK_TRAV_4,Used one method - Bus (no.)
2011,30508,WORK_TRAV_5,Used one method - Car (as driver or passenger) (no.)
2016,31926,WORK_TRAV_5,Used one method - Car (as driver or passenger) (no.)
2011,754,WORK_TRAV_6,Used one method - Motor bike/scooter (no.)
2016,1059,WORK_TRAV_6,Used one method - Motor bike/scooter (no.)
2011,1212,WORK_TRAV_7,Used one method - Bicycle (no.)
2016,1418,WORK_TRAV_7,Used one method - Bicycle (no.)
2011,576,WORK_TRAV_8,Used one method - Other (inc. taxis) (no.)
2016,621,WORK_TRAV_8,Used one method - Other (inc. taxis) (no.)
2011,3873,WORK_TRAV_9,Used one method - Walked only (no.)
2016,4322,WORK_TRAV_9,Used one method - Walked only (no.)
2011,50622,WORK_TRAV_10,Used one method - Total - used one method (no.)
2016,55073,WORK_TRAV_10,Used one method - Total - used one method (no.)
2011,3546,WORK_TRAV_12,Total - used more than one method (no. )
2016,4028,WORK_TRAV_12,Total - used more than one method (no. )
2011,2498,WORK_TRAV_14,Other - Worked from home (no.)
2016,3101,WORK_TRAV_14,Other - Worked from home (no.)
2011,5605,WORK_TRAV_15,Other - Employed but did not go to work (no.)
2016,5497,WORK_TRAV_15,Other - Employed but did not go to work (no.)
2011,748,WORK_TRAV_16,Other - Method of travel not stated (no.)
2016,577,WORK_TRAV_16,Other - Method of travel not stated (no.)
2011,63019,WORK_TRAV_17,Total employed (no.)
2016,68276,WORK_TRAV_17,Total employed (no.)
2011,12994,HHTYPE_2,Lone person households (no.)
2016,13096,HHTYPE_2,Lone person households (no.)
2011,4685,HHTYPE_3,Group households (no.)
2016,5502,HHTYPE_3,Group households (no.)
2011,29882,HHTYPE_4,Family households (no.)
2016,31774,HHTYPE_4,Family households (no.)
2011,47564,HHTYPE_5,Total households (no.)
2016,50374,HHTYPE_5,Total households (no.)
2011,2.4,HHTYPE_6,Average household size (no. of persons)
2016,2.5,HHTYPE_6,Average household size (no. of persons)
2011,11103,FAMILY_2,Couple families with children under 15 and/or dependent students (no.)
2016,12178,FAMILY_2,Couple families with children under 15 and/or dependent students (no.)
2011,2309,FAMILY_3,Couple families with non-dependent children only (no.)
2016,2413,FAMILY_3,Couple families with non-dependent children only (no.)
2011,11533,FAMILY_4,Couple families without children (no.)
2016,12320,FAMILY_4,Couple families without children (no.)
2011,2681,FAMILY_5,One parent families with children under 15 and/or dependent students (no.)
2016,2630,FAMILY_5,One parent families with children under 15 and/or dependent students (no.)
2011,1877,FAMILY_6,One parent families with non-dependent children only (no.)
2016,1948,FAMILY_6,One parent families with non-dependent children only (no.)
2011,1049,FAMILY_7,Other families (no.)
2016,1005,FAMILY_7,Other families (no.)
2011,30545,FAMILY_8,Total families (no.)
2016,32493,FAMILY_8,Total families (no.)
2011,2.9,FAMILY_9,Average family size (no. of persons)
2016,2.9,FAMILY_9,Average family size (no. of persons)
2011,38665,MARRIAGE_2,Married in a registered marriage (no.)
2016,39701,MARRIAGE_2,Married in a registered marriage (no.)
2011,9958,MARRIAGE_3,Married in a de facto marriage (no.)
2016,12560,MARRIAGE_3,Married in a de facto marriage (no.)
2011,45263,MARRIAGE_4,Not married (no.)
2016,49897,MARRIAGE_4,Not married (no.)
2011,40,MARRIAGE_5,Married (%)
2016,38.5,MARRIAGE_5,Married (%)
2011,45.8,MARRIAGE_6,Never Married (%)
2016,48.3,MARRIAGE_6,Never Married (%)
2011,4.8,MARRIAGE_7,Widowed (%)
2016,4.2,MARRIAGE_7,Widowed (%)
2011,7.1,MARRIAGE_8,Divorced (%)
2016,6.8,MARRIAGE_8,Divorced (%)
2011,2.3,MARRIAGE_9,Separated (%)
2016,2.2,MARRIAGE_9,Separated (%)
2016,85.5,INTERNET_2,Internet accessed from dwelling (%)
2016,11.4,INTERNET_3,Internet not accessed from dwelling (%)
2011,1816,RENT_2,Average monthly household rental payment ($)
2016,2310,RENT_2,Average monthly household rental payment ($)
2011,2809,RENT_3,Average monthly household mortgage payment ($)
2016,2803,RENT_3,Average monthly household mortgage payment ($)
2011,66.8,CHILDCAR_2,Persons who did not provide child care (%)
2016,67.4,CHILDCAR_2,Persons who did not provide child care (%)
2011,16.8,CHILDCAR_3,Persons who cared for own child/children (%)
2016,17.1,CHILDCAR_3,Persons who cared for own child/children (%)
2011,5.5,CHILDCAR_4,Persons who cared for other child/children (%)
2016,5.2,CHILDCAR_4,Persons who cared for other child/children (%)
2011,0.6,CHILDCAR_5,Persons who cared for own child/children and other child/children (%)
2016,0.5,CHILDCAR_5,Persons who cared for own child/children and other child/children (%)
2011,9.3,UNPAIDW_2,Persons who provided unpaid assistance to a person with a disability (%)
2016,9.4,UNPAIDW_2,Persons who provided unpaid assistance to a person with a disability (%)
2011,15.8,UNPAIDW_3,Persons undertaking voluntary work for an organisation or group (%)
2016,18,UNPAIDW_3,Persons undertaking voluntary work for an organisation or group (%)
2011,1.7,CHILD_2,Average number of all children in a family
2016,1.7,CHILD_2,Average number of all children in a family
2016,3622,HOUSE_2,Dwellings with extra bedrooms needed (no.)
2016,26278,HOUSE_3,Dwellings with bedrooms spare (no.)
2016,16797,HOUSE_4,Dwellings with no bedrooms needed or spare (no.)
2011,14549,DWELL_2,Separate house (no.)
2016,13319,DWELL_2,Separate house (no.)
2011,7409,DWELL_3,"Semi-detached, row or terrace house, townhouse etc. (no.)"
2016,8308,DWELL_3,"Semi-detached, row or terrace house, townhouse etc. (no.)"
2011,25342,DWELL_4,Flat or apartment (no.)
2016,28109,DWELL_4,Flat or apartment (no.)
2011,198,DWELL_5,Other dwelling (no.)
2016,452,DWELL_5,Other dwelling (no.)
2011,27.6,TENURE_2,Owned Outright (%)
2016,26.2,TENURE_2,Owned Outright (%)
2011,24.4,TENURE_3,Owned with a mortgage (%)
2016,23.1,TENURE_3,Owned with a mortgage (%)
2011,44.9,TENURE_4,Rented (%)
2016,46.9,TENURE_4,Rented (%)
2011,91.3,STRESS_2,Households where mortgage repayments are less than 30% of household income (%)
2016,94.5,STRESS_2,Households where mortgage repayments are less than 30% of household income (%)
2011,8.7,STRESS_3,Households with mortgage repayments greater than or equal to 30% of household income (%)
2016,5.5,STRESS_3,Households with mortgage repayments greater than or equal to 30% of household income (%)
2011,81.9,STRESS_4,Households where rent payments are less than 30% of household income (%)
2016,79.5,STRESS_4,Households where rent payments are less than 30% of household income (%)
2011,18.1,STRESS_5,Households with rent payments greater than or equal to 30% of household income (%)
2016,20.5,STRESS_5,Households with rent payments greater than or equal to 30% of household income (%)
2017,3633.1,LAND,Land Area (Ha)
2016,2,PROTECTED_AREA_3,National Parks (no.)
2016,2,PROTECTED_AREA_6,Protected Areas - Total (no.)
2016,175,PROTECTED_AREA_8,National Parks (ha)
2016,175,PROTECTED_AREA_11,Protected Areas -Total (ha)
2016,4.8,PROTECTED_AREA_13,National Parks (%)
2016,4.8,PROTECTED_AREA_16,Protected Areas - Total (%)
2014,1532,SOLAR_2,Small-scale solar panel system installations (no.)
2015,1735,SOLAR_2,Small-scale solar panel system installations (no.)
2016,1869,SOLAR_2,Small-scale solar panel system installations (no.)
2015,13.3,SOLAR_3,Increase in installations from previous year (%)
2016,7.7,SOLAR_3,Increase in installations from previous year (%)
2014,887,SOLAR_4,Solar water heater installations (no.)
2015,905,SOLAR_4,Solar water heater installations (no.)
2016,929,SOLAR_4,Solar water heater installations (no.)
2015,2,SOLAR_5,Increase in SWH installations from previous year (%)
2016,2.7,SOLAR_5,Increase in SWH installations from previous year (%)
2017,7991,MIGRATION_2,Internal Arrivals
2017,11008,MIGRATION_3,Internal Departures
2017,-3017,MIGRATION_4,Net Internal Migration
2017,10621,MIGRATION_5,Overseas Arrivals
2017,5420,MIGRATION_6,Overseas Departures
2017,5201,MIGRATION_7,Net Overseas Migration
2016,10,SEIFAA_2,SEIFA decile ranking - Index of Relative Socio-Economic Disadvantage (IRSD)
2016,10,SEIFAA_3,SEIFA decile ranking - Index of Relative Socio-Economic Advantage and Disadvantage (IRSAD)
2016,10,SEIFAA_4,SEIFA decile ranking - Index of Education and Occupation (IEO)
2016,6,SEIFAA_5,SEIFA decile ranking - Index of Economic Resources (IER)
2016,9,SEIFAS_2,SEIFA decile ranking - Index of Relative Socio-Economic Disadvantage (IRSD) 
2016,9,SEIFAS_3,SEIFA decile ranking - Index of Relative Socio-Economic Advantage and Disadvantage (IRSAD)
2016,10,SEIFAS_4,SEIFA decile ranking - Index of Education and Occupation (IEO)
2016,6,SEIFAS_5,SEIFA decile ranking - Index of Economic Resources (IER)
2016,8.9,COMMUTE_2,Average commuting distance from Place of Usual Residence (kms)
2016,6.9,COMMUTE_3,Median commuting distance from Place of Usual Residence (kms)
2016,12.9,COMMUTE_4,Average commuting distance to place of work (kms)
2016,6.2,COMMUTE_5,Median commuting distance to place of work (kms)
2011,25508,TOTMIG_2,Number of Females (no.)
2016,29484,TOTMIG_2,Number of Females (no.)
2011,23932,TOTMIG_3,Number of Males (no.)
2016,27773,TOTMIG_3,Number of Males (no.)
2011,49438,TOTMIG_4,Total population (no.)
2016,57258,TOTMIG_4,Total population (no.)
2011,488,AGEMIG_2,0-4 years (no.)
2016,459,AGEMIG_2,0-4 years (no.)
2011,719,AGEMIG_3,5-9 years (no.)
2016,818,AGEMIG_3,5-9 years (no.)
2011,738,AGEMIG_4,10-14 years (no.)
2016,799,AGEMIG_4,10-14 years (no.)
2011,1856,AGEMIG_5,15-19 years (no.)
2016,2777,AGEMIG_5,15-19 years (no.)
2011,6075,AGEMIG_6,20-24 years (no.)
2016,7756,AGEMIG_6,20-24 years (no.)
2011,5735,AGEMIG_7,25-29 years (no.)
2016,6998,AGEMIG_7,25-29 years (no.)
2011,5363,AGEMIG_8,30-34 years (no.)
2016,6440,AGEMIG_8,30-34 years (no.)
2011,4531,AGEMIG_9,35-39 years (no.)
2016,5280,AGEMIG_9,35-39 years (no.)
2011,3759,AGEMIG_10,40-44 years (no.)
2016,4191,AGEMIG_10,40-44 years (no.)
2011,3520,AGEMIG_11,45-49 years (no.)
2016,3667,AGEMIG_11,45-49 years (no.)
2011,3036,AGEMIG_12,50-54 years (no.)
2016,3394,AGEMIG_12,50-54 years (no.)
2011,2858,AGEMIG_13,55-59 years (no.)
2016,2927,AGEMIG_13,55-59 years (no.)
2011,2892,AGEMIG_14,60-64 years (no.)
2016,2661,AGEMIG_14,60-64 years (no.)
2011,2185,AGEMIG_15,65-69 years (no.)
2016,2636,AGEMIG_15,65-69 years (no.)
2011,1898,AGEMIG_16,70-74 years (no.)
2016,2066,AGEMIG_16,70-74 years (no.)
2011,1458,AGEMIG_17,75-80 years (no.)
2016,1755,AGEMIG_17,75-80 years (no.)
2011,1186,AGEMIG_18,80-84 years (no.)
2016,1281,AGEMIG_18,80-84 years (no.)
2011,1143,AGEMIG_19,84 and over (no.)
2016,1348,AGEMIG_19,84 and over (no.)
2011,26.4,ARRMIG_2,Arrived within 5 years (%)
2016,30.1,ARRMIG_2,Arrived within 5 years (%)
2011,13.4,ARRMIG_3,Arrived 5-10 years ago (%)
2016,14.2,ARRMIG_3,Arrived 5-10 years ago (%)
2011,55.3,ARRMIG_4,Arrived over 10 years ago (%)
2016,51.6,ARRMIG_4,Arrived over 10 years ago (%)
2011,4.8,ARRMIG_5,Arrival not stated (%)
2016,4.1,ARRMIG_5,Arrival not stated (%)
2011,54.5,CITMIG_2,Australian citizen (%)
2016,49,CITMIG_2,Australian citizen (%)
2011,43.4,CITMIG_3,Not an Australian citizen (%)
2016,48.7,CITMIG_3,Not an Australian citizen (%)
2011,2.1,CITMIG_4,Citizenship not stated (%)
2016,2.2,CITMIG_4,Citizenship not stated (%)
2011,7.1,RELMIG_2,Buddhism (%)
2016,5.4,RELMIG_2,Buddhism (%)
2011,49.5,RELMIG_3,Christianity (%)
2016,41,RELMIG_3,Christianity (%)
2011,1.9,RELMIG_4,Hinduism (%)
2016,2,RELMIG_4,Hinduism (%)
2011,3.6,RELMIG_5,Islam (%)
2016,3.2,RELMIG_5,Islam (%)
2011,5.6,RELMIG_6,Judaism (%)
2016,4.1,RELMIG_6,Judaism (%)
2011,0.6,RELMIG_7,Other Religion (%)
2016,0.6,RELMIG_7,Other Religion (%)
2011,26.8,RELMIG_10,No Religion (%)
2016,38.4,RELMIG_8,Secular beliefs and other spiritual beliefs and no religious affiliation (%)
2011,4.3,RELMIG_9,Religion not stated (%)
2016,4.9,RELMIG_9,Religion not stated (%)
2011,90.5,ENGMIG_2,Proficient in English (%)
2016,90.5,ENGMIG_2,Proficient in English (%)
2011,8.1,ENGMIG_3,Not proficient in English (%)
2016,8.3,ENGMIG_3,Not proficient in English (%)
2011,1.4,ENGMIG_4,English proficiency not stated (%)
2016,1.1,ENGMIG_4,English proficiency not stated (%)
2011,12,QUALMIG_2,Postgraduate Degree level (%)
2016,14,QUALMIG_2,Postgraduate Degree level (%)
2011,1.6,QUALMIG_3,Graduate Diploma and Graduate Certificate level (%)
2016,1.8,QUALMIG_3,Graduate Diploma and Graduate Certificate level (%)
2011,24.5,QUALMIG_4,Bachelor Degree level (%)
2016,27.7,QUALMIG_4,Bachelor Degree level (%)
2011,8.5,QUALMIG_5,Advanced Diploma and Diploma level (%)
2016,8.2,QUALMIG_5,Advanced Diploma and Diploma level (%)
2011,7.7,QUALMIG_6,Certificate level (%)
2016,9,QUALMIG_6,Certificate level (%)
2011,33.2,QUALMIG_7,School education level (%)
2011,5.2,QUALMIG_8,Education not stated (%)
2016,3.4,QUALMIG_8,Education not stated (%)
2011,7.4,OCCMIG_2,Managers (%)
2016,8.3,OCCMIG_2,Managers (%)
2011,19.4,OCCMIG_3,Professionals (%)
2016,19.1,OCCMIG_3,Professionals (%)
2011,5.4,OCCMIG_4,Technicians and trades workers (%)
2016,5.2,OCCMIG_4,Technicians and trades workers (%)
2011,4.6,OCCMIG_5,Community and personal service workers (%)
2016,4.7,OCCMIG_5,Community and personal service workers (%)
2011,7.7,OCCMIG_6,Clerical and administrative workers (%)
2016,6.6,OCCMIG_6,Clerical and administrative workers (%)
2011,3.9,OCCMIG_7,Sales workers (%)
2016,3.9,OCCMIG_7,Sales workers (%)
2011,1.8,OCCMIG_8,Machinery operators and drivers (%)
2016,1.7,OCCMIG_8,Machinery operators and drivers (%)
2011,3.2,OCCMIG_9,Labourers (%)
2016,3.3,OCCMIG_9,Labourers (%)
2011,0.4,OCCMIG_10,Occupation not stated (%)
2016,0.4,OCCMIG_10,Occupation not stated (%)
2011,28971,LFMIG_2,Labour Force number (no.)
2016,33185,LFMIG_2,Labour Force number (no.)
2011,2032,LFMIG_3,Unemployed number (no.)
2016,2418,LFMIG_3,Unemployed number (no.)
2011,58.6,LFMIG_4,Participation Rate (%)
2016,58,LFMIG_4,Participation Rate (%)
2011,7,LFMIG_5,Unemployment Rate (%)
2016,7.3,LFMIG_5,Unemployment Rate (%)
2016,21.8,INCMIG_2,Persons earning $1-$499 per week (%)
2016,18.5,INCMIG_3,Persons earning $500-$999 per week (%)
2016,25.1,INCMIG_4,Persons earning $1000-$1999 per week (%)
2016,7.6,INCMIG_5,Persons earning $2000-$2999 per week (%)
2016,5.9,INCMIG_6,Persons earning $3000 or more per week (%)
2016,0.2,INCMIG_7,Persons earning nil income (%)
2016,0.8,INCMIG_8,Persons with a negative income (%)
2016,3,INCMIG_9,Income not stated (%)
