"","LGA","year","freq_daily","freq_less_weekly","freq_never","freq_weekly"
"1","Armidale Regional","2008",11.7,22.4,30.5,35.4
"2","Armidale Regional","2009",12.5,21.9,30.1,35.4
"3","Armidale Regional","2010",12.3,22.3,31,34.4
"4","Armidale Regional","2011",12.1,25,29.8,33.1
"5","Armidale Regional","2012",11.7,27.8,25.2,35.3
"6","Armidale Regional","2013",11,28.4,25.6,35
"7","Armidale Regional","2014",9.4,27.4,28.5,34.7
"8","Armidale Regional","2015",8.6,25.8,28,37.6
"9","Armidale Regional","2016",8.3,24.3,27.7,39.6
"10","Armidale Regional","2017",8.8,25,26.4,39.8
"11","Ballina","2008",14.4,19.8,27.5,38.3
"12","Ballina","2009",13.3,19.5,29.6,37.6
"13","Ballina","2010",12.5,18.2,31.9,37.4
"14","Ballina","2011",11.9,22.3,29.1,36.7
"15","Ballina","2012",12.8,26.6,25.3,35.3
"16","Ballina","2013",14.1,27,25.5,33.3
"17","Ballina","2014",12.2,25.7,26,36.1
"18","Ballina","2015",11.8,24.4,25.6,38.3
"19","Ballina","2016",12.2,24.3,23.4,40
"20","Ballina","2017",11.8,24.8,21.1,42.3
"21","Balranald","2008",11,26.3,30.2,32.4
"22","Balranald","2009",10.6,27,30.8,31.6
"23","Balranald","2010",9.4,23,31.5,36.1
"24","Balranald","2011",10.4,24.6,32.6,32.4
"25","Balranald","2012",8.9,27.9,30.9,32.3
"26","Balranald","2013",9.7,26.1,32.1,32.2
"27","Balranald","2014",9.3,22.3,39.2,29.2
"28","Balranald","2015",7.1,25.2,38,29.7
"29","Balranald","2016",6.9,30.4,30.6,32.1
"30","Balranald","2017",8.4,32.1,26.2,33.4
"31","Bathurst Regional","2008",10.1,26.8,29.9,33.2
"32","Bathurst Regional","2009",11.8,23.7,30.1,34.3
"33","Bathurst Regional","2010",11.6,23.6,29.9,34.9
"34","Bathurst Regional","2011",10.1,26.3,29.2,34.4
"35","Bathurst Regional","2012",9.1,30,28.4,32.5
"36","Bathurst Regional","2013",8.3,30.3,28.9,32.5
"37","Bathurst Regional","2014",8.4,28.2,30.3,33.1
"38","Bathurst Regional","2015",9.2,29.7,29.6,31.6
"39","Bathurst Regional","2016",10.5,29.6,25.4,34.6
"40","Bathurst Regional","2017",11.8,28.5,24.6,35.1
"41","Bega Valley","2008",14.1,21.2,26.9,37.8
"42","Bega Valley","2009",14.5,21.3,26.2,38
"43","Bega Valley","2010",14.6,22.1,26.5,36.9
"44","Bega Valley","2011",14.7,24.4,24.8,36.1
"45","Bega Valley","2012",13.4,26.8,22.7,37.1
"46","Bega Valley","2013",11.6,27.5,23.8,37.1
"47","Bega Valley","2014",10,28.2,24.9,36.9
"48","Bega Valley","2015",9.7,26.1,25.2,39
"49","Bega Valley","2016",11.4,24.8,25.2,38.5
"50","Bega Valley","2017",10.5,26.1,24.7,38.7
"51","Bellingen","2008",14.6,19.2,28.6,37.6
"52","Bellingen","2009",14.2,19.8,30,36.1
"53","Bellingen","2010",12.6,21.7,28.8,36.9
"54","Bellingen","2011",13.3,23.9,26,36.7
"55","Bellingen","2012",14,21,28.5,36.5
"56","Bellingen","2013",13.8,16.9,35.3,34
"57","Bellingen","2014",13.6,19.7,35.2,31.4
"58","Bellingen","2015",13.6,20.1,30.1,36.2
"59","Bellingen","2016",12.8,19.6,27.1,40.6
"60","Bellingen","2017",13.6,23.3,25.4,37.7
"61","Berrigan","2008",11.6,21.9,26.7,39.7
"62","Berrigan","2009",12.7,23,25.9,38.5
"63","Berrigan","2010",12.1,24.2,27.3,36.3
"64","Berrigan","2011",11,25.4,27.5,36.1
"65","Berrigan","2012",11,24.5,28.2,36.2
"66","Berrigan","2013",11.6,25.9,26.6,35.9
"67","Berrigan","2014",11.4,25.3,32.2,31.1
"68","Berrigan","2015",10.9,21.1,35.1,32.9
"69","Berrigan","2016",10,21.7,32.9,35.3
"70","Berrigan","2017",9.7,23,30.6,36.7
"71","Blacktown","2008",6,24.3,38.4,31.3
"72","Blacktown","2009",6.5,25,39.2,29.3
"73","Blacktown","2010",6.3,30.1,39.1,24.6
"74","Blacktown","2011",6.3,30.7,38.6,24.5
"75","Blacktown","2012",5.9,28.1,41.4,24.7
"76","Blacktown","2013",4.8,28.7,42.3,24.2
"77","Blacktown","2014",3.9,26.9,45.5,23.7
"78","Blacktown","2015",5.6,24.4,47.4,22.6
"79","Blacktown","2016",5.5,27.6,43.3,23.7
"80","Blacktown","2017",4.1,32.3,39.7,24
"81","Bland","2008",11.6,21.9,26.7,39.7
"82","Bland","2009",12.7,23,25.9,38.5
"83","Bland","2010",12.1,24.2,27.3,36.3
"84","Bland","2011",11,25.4,27.5,36.1
"85","Bland","2012",11,24.5,28.2,36.2
"86","Bland","2013",11.6,25.9,26.6,35.9
"87","Bland","2014",11.4,25.3,32.2,31.1
"88","Bland","2015",10.9,21.1,35.1,32.9
"89","Bland","2016",10,21.7,32.9,35.3
"90","Bland","2017",9.7,23,30.6,36.7
"91","Blayney","2008",10.1,26.8,29.9,33.2
"92","Blayney","2009",11.8,23.7,30.1,34.3
"93","Blayney","2010",11.6,23.6,29.9,34.9
"94","Blayney","2011",10.1,26.3,29.2,34.4
"95","Blayney","2012",9.1,30,28.4,32.5
"96","Blayney","2013",8.3,30.3,28.9,32.5
"97","Blayney","2014",8.4,28.2,30.3,33.1
"98","Blayney","2015",9.2,29.7,29.6,31.6
"99","Blayney","2016",10.5,29.6,25.4,34.6
"100","Blayney","2017",11.8,28.5,24.6,35.1
"101","Blue Mountains","2008",6.8,25.7,28.9,38.7
"102","Blue Mountains","2009",6.7,24.7,31.5,37.1
"103","Blue Mountains","2010",6.9,26.2,33.2,33.6
"104","Blue Mountains","2011",8,27.9,30.3,33.7
"105","Blue Mountains","2012",8.3,31.1,28.8,31.8
"106","Blue Mountains","2013",6.6,33.5,29.8,30.1
"107","Blue Mountains","2014",6.1,30.3,32,31.5
"108","Blue Mountains","2015",8.3,28,31.6,32.1
"109","Blue Mountains","2016",9.9,27.9,29.3,32.9
"110","Blue Mountains","2017",8.1,28.7,31.3,31.9
"111","Bogan","2008",10.1,26.8,29.9,33.2
"112","Bogan","2009",11.8,23.7,30.1,34.3
"113","Bogan","2010",11.6,23.6,29.9,34.9
"114","Bogan","2011",10.1,26.3,29.2,34.4
"115","Bogan","2012",9.1,30,28.4,32.5
"116","Bogan","2013",8.3,30.3,28.9,32.5
"117","Bogan","2014",8.4,28.2,30.3,33.1
"118","Bogan","2015",9.2,29.7,29.6,31.6
"119","Bogan","2016",10.5,29.6,25.4,34.6
"120","Bogan","2017",11.8,28.5,24.6,35.1
"121","Botany Bay","2008",9.3,25.2,29.9,35.6
"122","Botany Bay","2009",9.1,24.9,29.2,36.9
"123","Botany Bay","2010",7.6,24.9,29.4,38.1
"124","Botany Bay","2011",8.1,25.9,28,38
"125","Botany Bay","2012",9,26.7,26.7,37.6
"126","Botany Bay","2013",7.5,25.6,29.7,37.2
"127","Botany Bay","2014",6.1,27,31.9,35.1
"128","Botany Bay","2015",5.6,27.5,30.7,36.2
"129","Botany Bay","2016",5.3,25.4,27.3,42.1
"130","Botany Bay","2017",6.9,23.5,22.5,47.1
"131","Bourke","2008",10.1,26.8,29.9,33.2
"132","Bourke","2009",11.8,23.7,30.1,34.3
"133","Bourke","2010",11.6,23.6,29.9,34.9
"134","Bourke","2011",10.1,26.3,29.2,34.4
"135","Bourke","2012",9.1,30,28.4,32.5
"136","Bourke","2013",8.3,30.3,28.9,32.5
"137","Bourke","2014",8.4,28.2,30.3,33.1
"138","Bourke","2015",9.2,29.7,29.6,31.6
"139","Bourke","2016",10.5,29.6,25.4,34.6
"140","Bourke","2017",11.8,28.5,24.6,35.1
"141","Brewarrina","2008",10.1,26.8,29.9,33.2
"142","Brewarrina","2009",11.8,23.7,30.1,34.3
"143","Brewarrina","2010",11.6,23.6,29.9,34.9
"144","Brewarrina","2011",10.1,26.3,29.2,34.4
"145","Brewarrina","2012",9.1,30,28.4,32.5
"146","Brewarrina","2013",8.3,30.3,28.9,32.5
"147","Brewarrina","2014",8.4,28.2,30.3,33.1
"148","Brewarrina","2015",9.2,29.7,29.6,31.6
"149","Brewarrina","2016",10.5,29.6,25.4,34.6
"150","Brewarrina","2017",11.8,28.5,24.6,35.1
"151","Broken Hill","2008",11,26.3,30.2,32.4
"152","Broken Hill","2009",10.6,27,30.8,31.6
"153","Broken Hill","2010",9.4,23,31.5,36.1
"154","Broken Hill","2011",10.4,24.6,32.6,32.4
"155","Broken Hill","2012",8.9,27.9,30.9,32.3
"156","Broken Hill","2013",9.7,26.1,32.1,32.2
"157","Broken Hill","2014",9.3,22.3,39.2,29.2
"158","Broken Hill","2015",7.1,25.2,38,29.7
"159","Broken Hill","2016",6.9,30.4,30.6,32.1
"160","Broken Hill","2017",8.4,32.1,26.2,33.4
"161","Burwood","2008",7.2,23.4,30.5,39
"162","Burwood","2009",8,21.1,30.4,40.4
"163","Burwood","2010",8.5,19.5,32.8,39.2
"164","Burwood","2011",9,20.7,34.7,35.7
"165","Burwood","2012",7.6,23.6,33.9,34.9
"166","Burwood","2013",5.3,22.1,33.1,39.5
"167","Burwood","2014",6.7,21.6,33.8,37.9
"168","Burwood","2015",6.8,23.9,33,36.4
"169","Burwood","2016",6.7,23.7,30.7,38.9
"170","Burwood","2017",5.8,24.8,27.1,42.3
"171","Byron","2008",14.4,19.8,27.5,38.3
"172","Byron","2009",13.3,19.5,29.6,37.6
"173","Byron","2010",12.5,18.2,31.9,37.4
"174","Byron","2011",11.9,22.3,29.1,36.7
"175","Byron","2012",12.8,26.6,25.3,35.3
"176","Byron","2013",14.1,27,25.5,33.3
"177","Byron","2014",12.2,25.7,26,36.1
"178","Byron","2015",11.8,24.4,25.6,38.3
"179","Byron","2016",12.2,24.3,23.4,40
"180","Byron","2017",11.8,24.8,21.1,42.3
"181","Cabonne","2008",10.1,26.8,29.9,33.2
"182","Cabonne","2009",11.8,23.7,30.1,34.3
"183","Cabonne","2010",11.6,23.6,29.9,34.9
"184","Cabonne","2011",10.1,26.3,29.2,34.4
"185","Cabonne","2012",9.1,30,28.4,32.5
"186","Cabonne","2013",8.3,30.3,28.9,32.5
"187","Cabonne","2014",8.4,28.2,30.3,33.1
"188","Cabonne","2015",9.2,29.7,29.6,31.6
"189","Cabonne","2016",10.5,29.6,25.4,34.6
"190","Cabonne","2017",11.8,28.5,24.6,35.1
"191","Camden","2008",6.1,24.4,43.8,25.7
"192","Camden","2009",6.5,24.2,42.6,26.7
"193","Camden","2010",6.1,24.8,43.4,25.7
"194","Camden","2011",6,27.7,41.2,25.1
"195","Camden","2012",5.3,29.6,43.7,21.3
"196","Camden","2013",4.7,28.9,47.6,18.8
"197","Camden","2014",4.9,27.5,46.9,20.7
"198","Camden","2015",4.1,25.8,47.4,22.7
"199","Camden","2016",4.2,26.4,46.1,23.3
"200","Camden","2017",5,29.7,42.3,23
"201","Campbelltown","2008",6.1,24.4,43.8,25.7
"202","Campbelltown","2009",6.5,24.2,42.6,26.7
"203","Campbelltown","2010",6.1,24.8,43.4,25.7
"204","Campbelltown","2011",6,27.7,41.2,25.1
"205","Campbelltown","2012",5.3,29.6,43.7,21.3
"206","Campbelltown","2013",4.7,28.9,47.6,18.8
"207","Campbelltown","2014",4.9,27.5,46.9,20.7
"208","Campbelltown","2015",4.1,25.8,47.4,22.7
"209","Campbelltown","2016",4.2,26.4,46.1,23.3
"210","Campbelltown","2017",5,29.7,42.3,23
"211","Canada Bay","2008",7.2,23.4,30.5,39
"212","Canada Bay","2009",8,21.1,30.4,40.4
"213","Canada Bay","2010",8.5,19.5,32.8,39.2
"214","Canada Bay","2011",9,20.7,34.7,35.7
"215","Canada Bay","2012",7.6,23.6,33.9,34.9
"216","Canada Bay","2013",5.3,22.1,33.1,39.5
"217","Canada Bay","2014",6.7,21.6,33.8,37.9
"218","Canada Bay","2015",6.8,23.9,33,36.4
"219","Canada Bay","2016",6.7,23.7,30.7,38.9
"220","Canada Bay","2017",5.8,24.8,27.1,42.3
"221","Canterbury-Bankstown","2008",6.1,24.4,43.8,25.7
"222","Canterbury-Bankstown","2009",6.5,24.2,42.6,26.7
"223","Canterbury-Bankstown","2010",6.1,24.8,43.4,25.7
"224","Canterbury-Bankstown","2011",6,27.7,41.2,25.1
"225","Canterbury-Bankstown","2012",5.3,29.6,43.7,21.3
"226","Canterbury-Bankstown","2013",4.7,28.9,47.6,18.8
"227","Canterbury-Bankstown","2014",4.9,27.5,46.9,20.7
"228","Canterbury-Bankstown","2015",4.1,25.8,47.4,22.7
"229","Canterbury-Bankstown","2016",4.2,26.4,46.1,23.3
"230","Canterbury-Bankstown","2017",5,29.7,42.3,23
"231","Carrathool","2008",11.6,21.9,26.7,39.7
"232","Carrathool","2009",12.7,23,25.9,38.5
"233","Carrathool","2010",12.1,24.2,27.3,36.3
"234","Carrathool","2011",11,25.4,27.5,36.1
"235","Carrathool","2012",11,24.5,28.2,36.2
"236","Carrathool","2013",11.6,25.9,26.6,35.9
"237","Carrathool","2014",11.4,25.3,32.2,31.1
"238","Carrathool","2015",10.9,21.1,35.1,32.9
"239","Carrathool","2016",10,21.7,32.9,35.3
"240","Carrathool","2017",9.7,23,30.6,36.7
"241","Central Coast","2008",11.8,25.1,25.3,37.9
"242","Central Coast","2009",14.5,23.8,23,38.7
"243","Central Coast","2010",13.8,23.2,26,37
"244","Central Coast","2011",11.7,24.1,25.8,38.4
"245","Central Coast","2012",11.7,26.9,25.5,35.9
"246","Central Coast","2013",10.4,29.6,25.7,34.3
"247","Central Coast","2014",8.3,28.7,26.8,36.2
"248","Central Coast","2015",7,25.4,28.6,39
"249","Central Coast","2016",8.5,23.1,29.2,39.1
"250","Central Coast","2017",11,27,27.7,34.3
"251","Central Darling","2008",11,26.3,30.2,32.4
"252","Central Darling","2009",10.6,27,30.8,31.6
"253","Central Darling","2010",9.4,23,31.5,36.1
"254","Central Darling","2011",10.4,24.6,32.6,32.4
"255","Central Darling","2012",8.9,27.9,30.9,32.3
"256","Central Darling","2013",9.7,26.1,32.1,32.2
"257","Central Darling","2014",9.3,22.3,39.2,29.2
"258","Central Darling","2015",7.1,25.2,38,29.7
"259","Central Darling","2016",6.9,30.4,30.6,32.1
"260","Central Darling","2017",8.4,32.1,26.2,33.4
"261","Cessnock","2008",11.7,22.4,30.5,35.4
"262","Cessnock","2009",12.5,21.9,30.1,35.4
"263","Cessnock","2010",12.3,22.3,31,34.4
"264","Cessnock","2011",12.1,25,29.8,33.1
"265","Cessnock","2012",11.7,27.8,25.2,35.3
"266","Cessnock","2013",11,28.4,25.6,35
"267","Cessnock","2014",9.4,27.4,28.5,34.7
"268","Cessnock","2015",8.6,25.8,28,37.6
"269","Cessnock","2016",8.3,24.3,27.7,39.6
"270","Cessnock","2017",8.8,25,26.4,39.8
"271","Clarence Valley","2008",14.4,19.8,27.5,38.3
"272","Clarence Valley","2009",13.3,19.5,29.6,37.6
"273","Clarence Valley","2010",12.5,18.2,31.9,37.4
"274","Clarence Valley","2011",11.9,22.3,29.1,36.7
"275","Clarence Valley","2012",12.8,26.6,25.3,35.3
"276","Clarence Valley","2013",14.1,27,25.5,33.3
"277","Clarence Valley","2014",12.2,25.7,26,36.1
"278","Clarence Valley","2015",11.8,24.4,25.6,38.3
"279","Clarence Valley","2016",12.2,24.3,23.4,40
"280","Clarence Valley","2017",11.8,24.8,21.1,42.3
"281","Cobar","2008",10.1,26.8,29.9,33.2
"282","Cobar","2009",11.8,23.7,30.1,34.3
"283","Cobar","2010",11.6,23.6,29.9,34.9
"284","Cobar","2011",10.1,26.3,29.2,34.4
"285","Cobar","2012",9.1,30,28.4,32.5
"286","Cobar","2013",8.3,30.3,28.9,32.5
"287","Cobar","2014",8.4,28.2,30.3,33.1
"288","Cobar","2015",9.2,29.7,29.6,31.6
"289","Cobar","2016",10.5,29.6,25.4,34.6
"290","Cobar","2017",11.8,28.5,24.6,35.1
"291","Coffs Harbour","2008",14.6,19.2,28.6,37.6
"292","Coffs Harbour","2009",14.2,19.8,30,36.1
"293","Coffs Harbour","2010",12.6,21.7,28.8,36.9
"294","Coffs Harbour","2011",13.3,23.9,26,36.7
"295","Coffs Harbour","2012",14,21,28.5,36.5
"296","Coffs Harbour","2013",13.8,16.9,35.3,34
"297","Coffs Harbour","2014",13.6,19.7,35.2,31.4
"298","Coffs Harbour","2015",13.6,20.1,30.1,36.2
"299","Coffs Harbour","2016",12.8,19.6,27.1,40.6
"300","Coffs Harbour","2017",13.6,23.3,25.4,37.7
"301","Coolamon","2008",11.6,21.9,26.7,39.7
"302","Coolamon","2009",12.7,23,25.9,38.5
"303","Coolamon","2010",12.1,24.2,27.3,36.3
"304","Coolamon","2011",11,25.4,27.5,36.1
"305","Coolamon","2012",11,24.5,28.2,36.2
"306","Coolamon","2013",11.6,25.9,26.6,35.9
"307","Coolamon","2014",11.4,25.3,32.2,31.1
"308","Coolamon","2015",10.9,21.1,35.1,32.9
"309","Coolamon","2016",10,21.7,32.9,35.3
"310","Coolamon","2017",9.7,23,30.6,36.7
"311","Coonamble","2008",10.1,26.8,29.9,33.2
"312","Coonamble","2009",11.8,23.7,30.1,34.3
"313","Coonamble","2010",11.6,23.6,29.9,34.9
"314","Coonamble","2011",10.1,26.3,29.2,34.4
"315","Coonamble","2012",9.1,30,28.4,32.5
"316","Coonamble","2013",8.3,30.3,28.9,32.5
"317","Coonamble","2014",8.4,28.2,30.3,33.1
"318","Coonamble","2015",9.2,29.7,29.6,31.6
"319","Coonamble","2016",10.5,29.6,25.4,34.6
"320","Coonamble","2017",11.8,28.5,24.6,35.1
"321","Cowra","2008",10.1,26.8,29.9,33.2
"322","Cowra","2009",11.8,23.7,30.1,34.3
"323","Cowra","2010",11.6,23.6,29.9,34.9
"324","Cowra","2011",10.1,26.3,29.2,34.4
"325","Cowra","2012",9.1,30,28.4,32.5
"326","Cowra","2013",8.3,30.3,28.9,32.5
"327","Cowra","2014",8.4,28.2,30.3,33.1
"328","Cowra","2015",9.2,29.7,29.6,31.6
"329","Cowra","2016",10.5,29.6,25.4,34.6
"330","Cowra","2017",11.8,28.5,24.6,35.1
"331","Cumberland","2008",6,24.3,38.4,31.3
"332","Cumberland","2009",6.5,25,39.2,29.3
"333","Cumberland","2010",6.3,30.1,39.1,24.6
"334","Cumberland","2011",6.3,30.7,38.6,24.5
"335","Cumberland","2012",5.9,28.1,41.4,24.7
"336","Cumberland","2013",4.8,28.7,42.3,24.2
"337","Cumberland","2014",3.9,26.9,45.5,23.7
"338","Cumberland","2015",5.6,24.4,47.4,22.6
"339","Cumberland","2016",5.5,27.6,43.3,23.7
"340","Cumberland","2017",4.1,32.3,39.7,24
"341","Dungog","2008",11.7,22.4,30.5,35.4
"342","Dungog","2009",12.5,21.9,30.1,35.4
"343","Dungog","2010",12.3,22.3,31,34.4
"344","Dungog","2011",12.1,25,29.8,33.1
"345","Dungog","2012",11.7,27.8,25.2,35.3
"346","Dungog","2013",11,28.4,25.6,35
"347","Dungog","2014",9.4,27.4,28.5,34.7
"348","Dungog","2015",8.6,25.8,28,37.6
"349","Dungog","2016",8.3,24.3,27.7,39.6
"350","Dungog","2017",8.8,25,26.4,39.8
"351","Edward River","2008",11.6,21.9,26.7,39.7
"352","Edward River","2009",12.7,23,25.9,38.5
"353","Edward River","2010",12.1,24.2,27.3,36.3
"354","Edward River","2011",11,25.4,27.5,36.1
"355","Edward River","2012",11,24.5,28.2,36.2
"356","Edward River","2013",11.6,25.9,26.6,35.9
"357","Edward River","2014",11.4,25.3,32.2,31.1
"358","Edward River","2015",10.9,21.1,35.1,32.9
"359","Edward River","2016",10,21.7,32.9,35.3
"360","Edward River","2017",9.7,23,30.6,36.7
"361","Eurobodalla","2008",14.1,21.2,26.9,37.8
"362","Eurobodalla","2009",14.5,21.3,26.2,38
"363","Eurobodalla","2010",14.6,22.1,26.5,36.9
"364","Eurobodalla","2011",14.7,24.4,24.8,36.1
"365","Eurobodalla","2012",13.4,26.8,22.7,37.1
"366","Eurobodalla","2013",11.6,27.5,23.8,37.1
"367","Eurobodalla","2014",10,28.2,24.9,36.9
"368","Eurobodalla","2015",9.7,26.1,25.2,39
"369","Eurobodalla","2016",11.4,24.8,25.2,38.5
"370","Eurobodalla","2017",10.5,26.1,24.7,38.7
"371","Fairfield","2008",6.1,24.4,43.8,25.7
"372","Fairfield","2009",6.5,24.2,42.6,26.7
"373","Fairfield","2010",6.1,24.8,43.4,25.7
"374","Fairfield","2011",6,27.7,41.2,25.1
"375","Fairfield","2012",5.3,29.6,43.7,21.3
"376","Fairfield","2013",4.7,28.9,47.6,18.8
"377","Fairfield","2014",4.9,27.5,46.9,20.7
"378","Fairfield","2015",4.1,25.8,47.4,22.7
"379","Fairfield","2016",4.2,26.4,46.1,23.3
"380","Fairfield","2017",5,29.7,42.3,23
"381","Federation","2008",11.6,21.9,26.7,39.7
"382","Federation","2009",12.7,23,25.9,38.5
"383","Federation","2010",12.1,24.2,27.3,36.3
"384","Federation","2011",11,25.4,27.5,36.1
"385","Federation","2012",11,24.5,28.2,36.2
"386","Federation","2013",11.6,25.9,26.6,35.9
"387","Federation","2014",11.4,25.3,32.2,31.1
"388","Federation","2015",10.9,21.1,35.1,32.9
"389","Federation","2016",10,21.7,32.9,35.3
"390","Federation","2017",9.7,23,30.6,36.7
"391","Forbes","2008",10.1,26.8,29.9,33.2
"392","Forbes","2009",11.8,23.7,30.1,34.3
"393","Forbes","2010",11.6,23.6,29.9,34.9
"394","Forbes","2011",10.1,26.3,29.2,34.4
"395","Forbes","2012",9.1,30,28.4,32.5
"396","Forbes","2013",8.3,30.3,28.9,32.5
"397","Forbes","2014",8.4,28.2,30.3,33.1
"398","Forbes","2015",9.2,29.7,29.6,31.6
"399","Forbes","2016",10.5,29.6,25.4,34.6
"400","Forbes","2017",11.8,28.5,24.6,35.1
"401","Georges River","2008",9.3,25.2,29.9,35.6
"402","Georges River","2009",9.1,24.9,29.2,36.9
"403","Georges River","2010",7.6,24.9,29.4,38.1
"404","Georges River","2011",8.1,25.9,28,38
"405","Georges River","2012",9,26.7,26.7,37.6
"406","Georges River","2013",7.5,25.6,29.7,37.2
"407","Georges River","2014",6.1,27,31.9,35.1
"408","Georges River","2015",5.6,27.5,30.7,36.2
"409","Georges River","2016",5.3,25.4,27.3,42.1
"410","Georges River","2017",6.9,23.5,22.5,47.1
"411","Gilgandra","2008",10.1,26.8,29.9,33.2
"412","Gilgandra","2009",11.8,23.7,30.1,34.3
"413","Gilgandra","2010",11.6,23.6,29.9,34.9
"414","Gilgandra","2011",10.1,26.3,29.2,34.4
"415","Gilgandra","2012",9.1,30,28.4,32.5
"416","Gilgandra","2013",8.3,30.3,28.9,32.5
"417","Gilgandra","2014",8.4,28.2,30.3,33.1
"418","Gilgandra","2015",9.2,29.7,29.6,31.6
"419","Gilgandra","2016",10.5,29.6,25.4,34.6
"420","Gilgandra","2017",11.8,28.5,24.6,35.1
"421","Glen Innes Severn","2008",11.7,22.4,30.5,35.4
"422","Glen Innes Severn","2009",12.5,21.9,30.1,35.4
"423","Glen Innes Severn","2010",12.3,22.3,31,34.4
"424","Glen Innes Severn","2011",12.1,25,29.8,33.1
"425","Glen Innes Severn","2012",11.7,27.8,25.2,35.3
"426","Glen Innes Severn","2013",11,28.4,25.6,35
"427","Glen Innes Severn","2014",9.4,27.4,28.5,34.7
"428","Glen Innes Severn","2015",8.6,25.8,28,37.6
"429","Glen Innes Severn","2016",8.3,24.3,27.7,39.6
"430","Glen Innes Severn","2017",8.8,25,26.4,39.8
"431","Goulburn Mulwaree","2008",14.1,21.2,26.9,37.8
"432","Goulburn Mulwaree","2009",14.5,21.3,26.2,38
"433","Goulburn Mulwaree","2010",14.6,22.1,26.5,36.9
"434","Goulburn Mulwaree","2011",14.7,24.4,24.8,36.1
"435","Goulburn Mulwaree","2012",13.4,26.8,22.7,37.1
"436","Goulburn Mulwaree","2013",11.6,27.5,23.8,37.1
"437","Goulburn Mulwaree","2014",10,28.2,24.9,36.9
"438","Goulburn Mulwaree","2015",9.7,26.1,25.2,39
"439","Goulburn Mulwaree","2016",11.4,24.8,25.2,38.5
"440","Goulburn Mulwaree","2017",10.5,26.1,24.7,38.7
"441","Greater Hume Shire","2008",11.6,21.9,26.7,39.7
"442","Greater Hume Shire","2009",12.7,23,25.9,38.5
"443","Greater Hume Shire","2010",12.1,24.2,27.3,36.3
"444","Greater Hume Shire","2011",11,25.4,27.5,36.1
"445","Greater Hume Shire","2012",11,24.5,28.2,36.2
"446","Greater Hume Shire","2013",11.6,25.9,26.6,35.9
"447","Greater Hume Shire","2014",11.4,25.3,32.2,31.1
"448","Greater Hume Shire","2015",10.9,21.1,35.1,32.9
"449","Greater Hume Shire","2016",10,21.7,32.9,35.3
"450","Greater Hume Shire","2017",9.7,23,30.6,36.7
"451","Griffith","2008",11.6,21.9,26.7,39.7
"452","Griffith","2009",12.7,23,25.9,38.5
"453","Griffith","2010",12.1,24.2,27.3,36.3
"454","Griffith","2011",11,25.4,27.5,36.1
"455","Griffith","2012",11,24.5,28.2,36.2
"456","Griffith","2013",11.6,25.9,26.6,35.9
"457","Griffith","2014",11.4,25.3,32.2,31.1
"458","Griffith","2015",10.9,21.1,35.1,32.9
"459","Griffith","2016",10,21.7,32.9,35.3
"460","Griffith","2017",9.7,23,30.6,36.7
"461","Gundagai","2008",11.6,21.9,26.7,39.7
"462","Gundagai","2009",12.7,23,25.9,38.5
"463","Gundagai","2010",12.1,24.2,27.3,36.3
"464","Gundagai","2011",11,25.4,27.5,36.1
"465","Gundagai","2012",11,24.5,28.2,36.2
"466","Gundagai","2013",11.6,25.9,26.6,35.9
"467","Gundagai","2014",11.4,25.3,32.2,31.1
"468","Gundagai","2015",10.9,21.1,35.1,32.9
"469","Gundagai","2016",10,21.7,32.9,35.3
"470","Gundagai","2017",9.7,23,30.6,36.7
"471","Gunnedah","2008",11.7,22.4,30.5,35.4
"472","Gunnedah","2009",12.5,21.9,30.1,35.4
"473","Gunnedah","2010",12.3,22.3,31,34.4
"474","Gunnedah","2011",12.1,25,29.8,33.1
"475","Gunnedah","2012",11.7,27.8,25.2,35.3
"476","Gunnedah","2013",11,28.4,25.6,35
"477","Gunnedah","2014",9.4,27.4,28.5,34.7
"478","Gunnedah","2015",8.6,25.8,28,37.6
"479","Gunnedah","2016",8.3,24.3,27.7,39.6
"480","Gunnedah","2017",8.8,25,26.4,39.8
"481","Gwydir","2008",11.7,22.4,30.5,35.4
"482","Gwydir","2009",12.5,21.9,30.1,35.4
"483","Gwydir","2010",12.3,22.3,31,34.4
"484","Gwydir","2011",12.1,25,29.8,33.1
"485","Gwydir","2012",11.7,27.8,25.2,35.3
"486","Gwydir","2013",11,28.4,25.6,35
"487","Gwydir","2014",9.4,27.4,28.5,34.7
"488","Gwydir","2015",8.6,25.8,28,37.6
"489","Gwydir","2016",8.3,24.3,27.7,39.6
"490","Gwydir","2017",8.8,25,26.4,39.8
"491","Hawkesbury","2008",6.8,25.7,28.9,38.7
"492","Hawkesbury","2009",6.7,24.7,31.5,37.1
"493","Hawkesbury","2010",6.9,26.2,33.2,33.6
"494","Hawkesbury","2011",8,27.9,30.3,33.7
"495","Hawkesbury","2012",8.3,31.1,28.8,31.8
"496","Hawkesbury","2013",6.6,33.5,29.8,30.1
"497","Hawkesbury","2014",6.1,30.3,32,31.5
"498","Hawkesbury","2015",8.3,28,31.6,32.1
"499","Hawkesbury","2016",9.9,27.9,29.3,32.9
"500","Hawkesbury","2017",8.1,28.7,31.3,31.9
"501","Hay","2008",11.6,21.9,26.7,39.7
"502","Hay","2009",12.7,23,25.9,38.5
"503","Hay","2010",12.1,24.2,27.3,36.3
"504","Hay","2011",11,25.4,27.5,36.1
"505","Hay","2012",11,24.5,28.2,36.2
"506","Hay","2013",11.6,25.9,26.6,35.9
"507","Hay","2014",11.4,25.3,32.2,31.1
"508","Hay","2015",10.9,21.1,35.1,32.9
"509","Hay","2016",10,21.7,32.9,35.3
"510","Hay","2017",9.7,23,30.6,36.7
"511","Hilltops","2008",11.6,21.9,26.7,39.7
"512","Hilltops","2009",12.7,23,25.9,38.5
"513","Hilltops","2010",12.1,24.2,27.3,36.3
"514","Hilltops","2011",11,25.4,27.5,36.1
"515","Hilltops","2012",11,24.5,28.2,36.2
"516","Hilltops","2013",11.6,25.9,26.6,35.9
"517","Hilltops","2014",11.4,25.3,32.2,31.1
"518","Hilltops","2015",10.9,21.1,35.1,32.9
"519","Hilltops","2016",10,21.7,32.9,35.3
"520","Hilltops","2017",9.7,23,30.6,36.7
"521","Hornsby","2008",12.3,18.5,23.2,46.1
"522","Hornsby","2009",12,19.4,23.1,45.5
"523","Hornsby","2010",11.8,21.6,22.1,44.5
"524","Hornsby","2011",11,20.5,21.3,47.3
"525","Hornsby","2012",9.2,21.7,21.3,47.8
"526","Hornsby","2013",7.7,23.7,24,44.6
"527","Hornsby","2014",8.1,22.7,25.7,43.5
"528","Hornsby","2015",8.2,23.6,27.4,40.8
"529","Hornsby","2016",7.8,23.4,26.4,42.5
"530","Hornsby","2017",7.3,23.6,20.7,48.5
"531","Hunters Hill","2008",12.3,18.5,23.2,46.1
"532","Hunters Hill","2009",12,19.4,23.1,45.5
"533","Hunters Hill","2010",11.8,21.6,22.1,44.5
"534","Hunters Hill","2011",11,20.5,21.3,47.3
"535","Hunters Hill","2012",9.2,21.7,21.3,47.8
"536","Hunters Hill","2013",7.7,23.7,24,44.6
"537","Hunters Hill","2014",8.1,22.7,25.7,43.5
"538","Hunters Hill","2015",8.2,23.6,27.4,40.8
"539","Hunters Hill","2016",7.8,23.4,26.4,42.5
"540","Hunters Hill","2017",7.3,23.6,20.7,48.5
"541","Inner West","2008",7.2,23.4,30.5,39
"542","Inner West","2009",8,21.1,30.4,40.4
"543","Inner West","2010",8.5,19.5,32.8,39.2
"544","Inner West","2011",9,20.7,34.7,35.7
"545","Inner West","2012",7.6,23.6,33.9,34.9
"546","Inner West","2013",5.3,22.1,33.1,39.5
"547","Inner West","2014",6.7,21.6,33.8,37.9
"548","Inner West","2015",6.8,23.9,33,36.4
"549","Inner West","2016",6.7,23.7,30.7,38.9
"550","Inner West","2017",5.8,24.8,27.1,42.3
"551","Inverell","2008",11.7,22.4,30.5,35.4
"552","Inverell","2009",12.5,21.9,30.1,35.4
"553","Inverell","2010",12.3,22.3,31,34.4
"554","Inverell","2011",12.1,25,29.8,33.1
"555","Inverell","2012",11.7,27.8,25.2,35.3
"556","Inverell","2013",11,28.4,25.6,35
"557","Inverell","2014",9.4,27.4,28.5,34.7
"558","Inverell","2015",8.6,25.8,28,37.6
"559","Inverell","2016",8.3,24.3,27.7,39.6
"560","Inverell","2017",8.8,25,26.4,39.8
"561","Junee","2008",11.6,21.9,26.7,39.7
"562","Junee","2009",12.7,23,25.9,38.5
"563","Junee","2010",12.1,24.2,27.3,36.3
"564","Junee","2011",11,25.4,27.5,36.1
"565","Junee","2012",11,24.5,28.2,36.2
"566","Junee","2013",11.6,25.9,26.6,35.9
"567","Junee","2014",11.4,25.3,32.2,31.1
"568","Junee","2015",10.9,21.1,35.1,32.9
"569","Junee","2016",10,21.7,32.9,35.3
"570","Junee","2017",9.7,23,30.6,36.7
"571","Kempsey","2008",14.6,19.2,28.6,37.6
"572","Kempsey","2009",14.2,19.8,30,36.1
"573","Kempsey","2010",12.6,21.7,28.8,36.9
"574","Kempsey","2011",13.3,23.9,26,36.7
"575","Kempsey","2012",14,21,28.5,36.5
"576","Kempsey","2013",13.8,16.9,35.3,34
"577","Kempsey","2014",13.6,19.7,35.2,31.4
"578","Kempsey","2015",13.6,20.1,30.1,36.2
"579","Kempsey","2016",12.8,19.6,27.1,40.6
"580","Kempsey","2017",13.6,23.3,25.4,37.7
"581","Kiama","2008",9.1,24.5,27.4,39
"582","Kiama","2009",8.5,27.1,24.9,39.5
"583","Kiama","2010",8.8,25.7,26.7,38.7
"584","Kiama","2011",10.7,23.9,26.8,38.6
"585","Kiama","2012",10.6,25.9,25.3,38.2
"586","Kiama","2013",8.9,26.1,26,39
"587","Kiama","2014",8.5,26.1,26.3,39.1
"588","Kiama","2015",8.4,26.3,25.7,39.5
"589","Kiama","2016",9,28.6,24.8,37.6
"590","Kiama","2017",9.3,28.4,21.8,40.5
"591","Ku-ring-gai","2008",12.3,18.5,23.2,46.1
"592","Ku-ring-gai","2009",12,19.4,23.1,45.5
"593","Ku-ring-gai","2010",11.8,21.6,22.1,44.5
"594","Ku-ring-gai","2011",11,20.5,21.3,47.3
"595","Ku-ring-gai","2012",9.2,21.7,21.3,47.8
"596","Ku-ring-gai","2013",7.7,23.7,24,44.6
"597","Ku-ring-gai","2014",8.1,22.7,25.7,43.5
"598","Ku-ring-gai","2015",8.2,23.6,27.4,40.8
"599","Ku-ring-gai","2016",7.8,23.4,26.4,42.5
"600","Ku-ring-gai","2017",7.3,23.6,20.7,48.5
"601","Kyogle","2008",14.4,19.8,27.5,38.3
"602","Kyogle","2009",13.3,19.5,29.6,37.6
"603","Kyogle","2010",12.5,18.2,31.9,37.4
"604","Kyogle","2011",11.9,22.3,29.1,36.7
"605","Kyogle","2012",12.8,26.6,25.3,35.3
"606","Kyogle","2013",14.1,27,25.5,33.3
"607","Kyogle","2014",12.2,25.7,26,36.1
"608","Kyogle","2015",11.8,24.4,25.6,38.3
"609","Kyogle","2016",12.2,24.3,23.4,40
"610","Kyogle","2017",11.8,24.8,21.1,42.3
"611","Lachlan","2008",10.1,26.8,29.9,33.2
"612","Lachlan","2009",11.8,23.7,30.1,34.3
"613","Lachlan","2010",11.6,23.6,29.9,34.9
"614","Lachlan","2011",10.1,26.3,29.2,34.4
"615","Lachlan","2012",9.1,30,28.4,32.5
"616","Lachlan","2013",8.3,30.3,28.9,32.5
"617","Lachlan","2014",8.4,28.2,30.3,33.1
"618","Lachlan","2015",9.2,29.7,29.6,31.6
"619","Lachlan","2016",10.5,29.6,25.4,34.6
"620","Lachlan","2017",11.8,28.5,24.6,35.1
"621","Lake Macquarie","2008",11.7,22.4,30.5,35.4
"622","Lake Macquarie","2009",12.5,21.9,30.1,35.4
"623","Lake Macquarie","2010",12.3,22.3,31,34.4
"624","Lake Macquarie","2011",12.1,25,29.8,33.1
"625","Lake Macquarie","2012",11.7,27.8,25.2,35.3
"626","Lake Macquarie","2013",11,28.4,25.6,35
"627","Lake Macquarie","2014",9.4,27.4,28.5,34.7
"628","Lake Macquarie","2015",8.6,25.8,28,37.6
"629","Lake Macquarie","2016",8.3,24.3,27.7,39.6
"630","Lake Macquarie","2017",8.8,25,26.4,39.8
"631","Lane Cove","2008",12.3,18.5,23.2,46.1
"632","Lane Cove","2009",12,19.4,23.1,45.5
"633","Lane Cove","2010",11.8,21.6,22.1,44.5
"634","Lane Cove","2011",11,20.5,21.3,47.3
"635","Lane Cove","2012",9.2,21.7,21.3,47.8
"636","Lane Cove","2013",7.7,23.7,24,44.6
"637","Lane Cove","2014",8.1,22.7,25.7,43.5
"638","Lane Cove","2015",8.2,23.6,27.4,40.8
"639","Lane Cove","2016",7.8,23.4,26.4,42.5
"640","Lane Cove","2017",7.3,23.6,20.7,48.5
"641","Leeton","2008",11.6,21.9,26.7,39.7
"642","Leeton","2009",12.7,23,25.9,38.5
"643","Leeton","2010",12.1,24.2,27.3,36.3
"644","Leeton","2011",11,25.4,27.5,36.1
"645","Leeton","2012",11,24.5,28.2,36.2
"646","Leeton","2013",11.6,25.9,26.6,35.9
"647","Leeton","2014",11.4,25.3,32.2,31.1
"648","Leeton","2015",10.9,21.1,35.1,32.9
"649","Leeton","2016",10,21.7,32.9,35.3
"650","Leeton","2017",9.7,23,30.6,36.7
"651","Lismore","2008",14.4,19.8,27.5,38.3
"652","Lismore","2009",13.3,19.5,29.6,37.6
"653","Lismore","2010",12.5,18.2,31.9,37.4
"654","Lismore","2011",11.9,22.3,29.1,36.7
"655","Lismore","2012",12.8,26.6,25.3,35.3
"656","Lismore","2013",14.1,27,25.5,33.3
"657","Lismore","2014",12.2,25.7,26,36.1
"658","Lismore","2015",11.8,24.4,25.6,38.3
"659","Lismore","2016",12.2,24.3,23.4,40
"660","Lismore","2017",11.8,24.8,21.1,42.3
"661","Lithgow","2008",6.8,25.7,28.9,38.7
"662","Lithgow","2009",6.7,24.7,31.5,37.1
"663","Lithgow","2010",6.9,26.2,33.2,33.6
"664","Lithgow","2011",8,27.9,30.3,33.7
"665","Lithgow","2012",8.3,31.1,28.8,31.8
"666","Lithgow","2013",6.6,33.5,29.8,30.1
"667","Lithgow","2014",6.1,30.3,32,31.5
"668","Lithgow","2015",8.3,28,31.6,32.1
"669","Lithgow","2016",9.9,27.9,29.3,32.9
"670","Lithgow","2017",8.1,28.7,31.3,31.9
"671","Liverpool","2008",6.1,24.4,43.8,25.7
"672","Liverpool","2009",6.5,24.2,42.6,26.7
"673","Liverpool","2010",6.1,24.8,43.4,25.7
"674","Liverpool","2011",6,27.7,41.2,25.1
"675","Liverpool","2012",5.3,29.6,43.7,21.3
"676","Liverpool","2013",4.7,28.9,47.6,18.8
"677","Liverpool","2014",4.9,27.5,46.9,20.7
"678","Liverpool","2015",4.1,25.8,47.4,22.7
"679","Liverpool","2016",4.2,26.4,46.1,23.3
"680","Liverpool","2017",5,29.7,42.3,23
"681","Liverpool Plains","2008",11.7,22.4,30.5,35.4
"682","Liverpool Plains","2009",12.5,21.9,30.1,35.4
"683","Liverpool Plains","2010",12.3,22.3,31,34.4
"684","Liverpool Plains","2011",12.1,25,29.8,33.1
"685","Liverpool Plains","2012",11.7,27.8,25.2,35.3
"686","Liverpool Plains","2013",11,28.4,25.6,35
"687","Liverpool Plains","2014",9.4,27.4,28.5,34.7
"688","Liverpool Plains","2015",8.6,25.8,28,37.6
"689","Liverpool Plains","2016",8.3,24.3,27.7,39.6
"690","Liverpool Plains","2017",8.8,25,26.4,39.8
"691","Lockhart","2008",11.6,21.9,26.7,39.7
"692","Lockhart","2009",12.7,23,25.9,38.5
"693","Lockhart","2010",12.1,24.2,27.3,36.3
"694","Lockhart","2011",11,25.4,27.5,36.1
"695","Lockhart","2012",11,24.5,28.2,36.2
"696","Lockhart","2013",11.6,25.9,26.6,35.9
"697","Lockhart","2014",11.4,25.3,32.2,31.1
"698","Lockhart","2015",10.9,21.1,35.1,32.9
"699","Lockhart","2016",10,21.7,32.9,35.3
"700","Lockhart","2017",9.7,23,30.6,36.7
"701","Maitland","2008",11.7,22.4,30.5,35.4
"702","Maitland","2009",12.5,21.9,30.1,35.4
"703","Maitland","2010",12.3,22.3,31,34.4
"704","Maitland","2011",12.1,25,29.8,33.1
"705","Maitland","2012",11.7,27.8,25.2,35.3
"706","Maitland","2013",11,28.4,25.6,35
"707","Maitland","2014",9.4,27.4,28.5,34.7
"708","Maitland","2015",8.6,25.8,28,37.6
"709","Maitland","2016",8.3,24.3,27.7,39.6
"710","Maitland","2017",8.8,25,26.4,39.8
"711","Mid-Coast","2008",11.7,22.4,30.5,35.4
"712","Mid-Coast","2009",12.5,21.9,30.1,35.4
"713","Mid-Coast","2010",12.3,22.3,31,34.4
"714","Mid-Coast","2011",12.1,25,29.8,33.1
"715","Mid-Coast","2012",11.7,27.8,25.2,35.3
"716","Mid-Coast","2013",11,28.4,25.6,35
"717","Mid-Coast","2014",9.4,27.4,28.5,34.7
"718","Mid-Coast","2015",8.6,25.8,28,37.6
"719","Mid-Coast","2016",8.3,24.3,27.7,39.6
"720","Mid-Coast","2017",8.8,25,26.4,39.8
"721","Mid-Western Regional","2008",10.1,26.8,29.9,33.2
"722","Mid-Western Regional","2009",11.8,23.7,30.1,34.3
"723","Mid-Western Regional","2010",11.6,23.6,29.9,34.9
"724","Mid-Western Regional","2011",10.1,26.3,29.2,34.4
"725","Mid-Western Regional","2012",9.1,30,28.4,32.5
"726","Mid-Western Regional","2013",8.3,30.3,28.9,32.5
"727","Mid-Western Regional","2014",8.4,28.2,30.3,33.1
"728","Mid-Western Regional","2015",9.2,29.7,29.6,31.6
"729","Mid-Western Regional","2016",10.5,29.6,25.4,34.6
"730","Mid-Western Regional","2017",11.8,28.5,24.6,35.1
"731","Moree Plains","2008",11.7,22.4,30.5,35.4
"732","Moree Plains","2009",12.5,21.9,30.1,35.4
"733","Moree Plains","2010",12.3,22.3,31,34.4
"734","Moree Plains","2011",12.1,25,29.8,33.1
"735","Moree Plains","2012",11.7,27.8,25.2,35.3
"736","Moree Plains","2013",11,28.4,25.6,35
"737","Moree Plains","2014",9.4,27.4,28.5,34.7
"738","Moree Plains","2015",8.6,25.8,28,37.6
"739","Moree Plains","2016",8.3,24.3,27.7,39.6
"740","Moree Plains","2017",8.8,25,26.4,39.8
"741","Mosman","2008",12.3,18.5,23.2,46.1
"742","Mosman","2009",12,19.4,23.1,45.5
"743","Mosman","2010",11.8,21.6,22.1,44.5
"744","Mosman","2011",11,20.5,21.3,47.3
"745","Mosman","2012",9.2,21.7,21.3,47.8
"746","Mosman","2013",7.7,23.7,24,44.6
"747","Mosman","2014",8.1,22.7,25.7,43.5
"748","Mosman","2015",8.2,23.6,27.4,40.8
"749","Mosman","2016",7.8,23.4,26.4,42.5
"750","Mosman","2017",7.3,23.6,20.7,48.5
"751","Murray River","2008",11.6,21.9,26.7,39.7
"752","Murray River","2009",12.7,23,25.9,38.5
"753","Murray River","2010",12.1,24.2,27.3,36.3
"754","Murray River","2011",11,25.4,27.5,36.1
"755","Murray River","2012",11,24.5,28.2,36.2
"756","Murray River","2013",11.6,25.9,26.6,35.9
"757","Murray River","2014",11.4,25.3,32.2,31.1
"758","Murray River","2015",10.9,21.1,35.1,32.9
"759","Murray River","2016",10,21.7,32.9,35.3
"760","Murray River","2017",9.7,23,30.6,36.7
"761","Murrumbidgee","2008",11.6,21.9,26.7,39.7
"762","Murrumbidgee","2009",12.7,23,25.9,38.5
"763","Murrumbidgee","2010",12.1,24.2,27.3,36.3
"764","Murrumbidgee","2011",11,25.4,27.5,36.1
"765","Murrumbidgee","2012",11,24.5,28.2,36.2
"766","Murrumbidgee","2013",11.6,25.9,26.6,35.9
"767","Murrumbidgee","2014",11.4,25.3,32.2,31.1
"768","Murrumbidgee","2015",10.9,21.1,35.1,32.9
"769","Murrumbidgee","2016",10,21.7,32.9,35.3
"770","Murrumbidgee","2017",9.7,23,30.6,36.7
"771","Muswellbrook","2008",11.7,22.4,30.5,35.4
"772","Muswellbrook","2009",12.5,21.9,30.1,35.4
"773","Muswellbrook","2010",12.3,22.3,31,34.4
"774","Muswellbrook","2011",12.1,25,29.8,33.1
"775","Muswellbrook","2012",11.7,27.8,25.2,35.3
"776","Muswellbrook","2013",11,28.4,25.6,35
"777","Muswellbrook","2014",9.4,27.4,28.5,34.7
"778","Muswellbrook","2015",8.6,25.8,28,37.6
"779","Muswellbrook","2016",8.3,24.3,27.7,39.6
"780","Muswellbrook","2017",8.8,25,26.4,39.8
"781","Nambucca","2008",14.6,19.2,28.6,37.6
"782","Nambucca","2009",14.2,19.8,30,36.1
"783","Nambucca","2010",12.6,21.7,28.8,36.9
"784","Nambucca","2011",13.3,23.9,26,36.7
"785","Nambucca","2012",14,21,28.5,36.5
"786","Nambucca","2013",13.8,16.9,35.3,34
"787","Nambucca","2014",13.6,19.7,35.2,31.4
"788","Nambucca","2015",13.6,20.1,30.1,36.2
"789","Nambucca","2016",12.8,19.6,27.1,40.6
"790","Nambucca","2017",13.6,23.3,25.4,37.7
"791","Narrabri","2008",11.7,22.4,30.5,35.4
"792","Narrabri","2009",12.5,21.9,30.1,35.4
"793","Narrabri","2010",12.3,22.3,31,34.4
"794","Narrabri","2011",12.1,25,29.8,33.1
"795","Narrabri","2012",11.7,27.8,25.2,35.3
"796","Narrabri","2013",11,28.4,25.6,35
"797","Narrabri","2014",9.4,27.4,28.5,34.7
"798","Narrabri","2015",8.6,25.8,28,37.6
"799","Narrabri","2016",8.3,24.3,27.7,39.6
"800","Narrabri","2017",8.8,25,26.4,39.8
"801","Narrandera","2008",11.6,21.9,26.7,39.7
"802","Narrandera","2009",12.7,23,25.9,38.5
"803","Narrandera","2010",12.1,24.2,27.3,36.3
"804","Narrandera","2011",11,25.4,27.5,36.1
"805","Narrandera","2012",11,24.5,28.2,36.2
"806","Narrandera","2013",11.6,25.9,26.6,35.9
"807","Narrandera","2014",11.4,25.3,32.2,31.1
"808","Narrandera","2015",10.9,21.1,35.1,32.9
"809","Narrandera","2016",10,21.7,32.9,35.3
"810","Narrandera","2017",9.7,23,30.6,36.7
"811","Narromine","2008",10.1,26.8,29.9,33.2
"812","Narromine","2009",11.8,23.7,30.1,34.3
"813","Narromine","2010",11.6,23.6,29.9,34.9
"814","Narromine","2011",10.1,26.3,29.2,34.4
"815","Narromine","2012",9.1,30,28.4,32.5
"816","Narromine","2013",8.3,30.3,28.9,32.5
"817","Narromine","2014",8.4,28.2,30.3,33.1
"818","Narromine","2015",9.2,29.7,29.6,31.6
"819","Narromine","2016",10.5,29.6,25.4,34.6
"820","Narromine","2017",11.8,28.5,24.6,35.1
"821","Newcastle","2008",11.7,22.4,30.5,35.4
"822","Newcastle","2009",12.5,21.9,30.1,35.4
"823","Newcastle","2010",12.3,22.3,31,34.4
"824","Newcastle","2011",12.1,25,29.8,33.1
"825","Newcastle","2012",11.7,27.8,25.2,35.3
"826","Newcastle","2013",11,28.4,25.6,35
"827","Newcastle","2014",9.4,27.4,28.5,34.7
"828","Newcastle","2015",8.6,25.8,28,37.6
"829","Newcastle","2016",8.3,24.3,27.7,39.6
"830","Newcastle","2017",8.8,25,26.4,39.8
"831","Northern Beaches","2008",12.3,18.5,23.2,46.1
"832","Northern Beaches","2009",12,19.4,23.1,45.5
"833","Northern Beaches","2010",11.8,21.6,22.1,44.5
"834","Northern Beaches","2011",11,20.5,21.3,47.3
"835","Northern Beaches","2012",9.2,21.7,21.3,47.8
"836","Northern Beaches","2013",7.7,23.7,24,44.6
"837","Northern Beaches","2014",8.1,22.7,25.7,43.5
"838","Northern Beaches","2015",8.2,23.6,27.4,40.8
"839","Northern Beaches","2016",7.8,23.4,26.4,42.5
"840","Northern Beaches","2017",7.3,23.6,20.7,48.5
"841","North Sydney","2008",12.3,18.5,23.2,46.1
"842","North Sydney","2009",12,19.4,23.1,45.5
"843","North Sydney","2010",11.8,21.6,22.1,44.5
"844","North Sydney","2011",11,20.5,21.3,47.3
"845","North Sydney","2012",9.2,21.7,21.3,47.8
"846","North Sydney","2013",7.7,23.7,24,44.6
"847","North Sydney","2014",8.1,22.7,25.7,43.5
"848","North Sydney","2015",8.2,23.6,27.4,40.8
"849","North Sydney","2016",7.8,23.4,26.4,42.5
"850","North Sydney","2017",7.3,23.6,20.7,48.5
"851","Oberon","2008",10.1,26.8,29.9,33.2
"852","Oberon","2009",11.8,23.7,30.1,34.3
"853","Oberon","2010",11.6,23.6,29.9,34.9
"854","Oberon","2011",10.1,26.3,29.2,34.4
"855","Oberon","2012",9.1,30,28.4,32.5
"856","Oberon","2013",8.3,30.3,28.9,32.5
"857","Oberon","2014",8.4,28.2,30.3,33.1
"858","Oberon","2015",9.2,29.7,29.6,31.6
"859","Oberon","2016",10.5,29.6,25.4,34.6
"860","Oberon","2017",11.8,28.5,24.6,35.1
"861","Orange","2008",10.1,26.8,29.9,33.2
"862","Orange","2009",11.8,23.7,30.1,34.3
"863","Orange","2010",11.6,23.6,29.9,34.9
"864","Orange","2011",10.1,26.3,29.2,34.4
"865","Orange","2012",9.1,30,28.4,32.5
"866","Orange","2013",8.3,30.3,28.9,32.5
"867","Orange","2014",8.4,28.2,30.3,33.1
"868","Orange","2015",9.2,29.7,29.6,31.6
"869","Orange","2016",10.5,29.6,25.4,34.6
"870","Orange","2017",11.8,28.5,24.6,35.1
"871","Parkes","2008",10.1,26.8,29.9,33.2
"872","Parkes","2009",11.8,23.7,30.1,34.3
"873","Parkes","2010",11.6,23.6,29.9,34.9
"874","Parkes","2011",10.1,26.3,29.2,34.4
"875","Parkes","2012",9.1,30,28.4,32.5
"876","Parkes","2013",8.3,30.3,28.9,32.5
"877","Parkes","2014",8.4,28.2,30.3,33.1
"878","Parkes","2015",9.2,29.7,29.6,31.6
"879","Parkes","2016",10.5,29.6,25.4,34.6
"880","Parkes","2017",11.8,28.5,24.6,35.1
"881","Parramatta","2008",6,24.3,38.4,31.3
"882","Parramatta","2009",6.5,25,39.2,29.3
"883","Parramatta","2010",6.3,30.1,39.1,24.6
"884","Parramatta","2011",6.3,30.7,38.6,24.5
"885","Parramatta","2012",5.9,28.1,41.4,24.7
"886","Parramatta","2013",4.8,28.7,42.3,24.2
"887","Parramatta","2014",3.9,26.9,45.5,23.7
"888","Parramatta","2015",5.6,24.4,47.4,22.6
"889","Parramatta","2016",5.5,27.6,43.3,23.7
"890","Parramatta","2017",4.1,32.3,39.7,24
"891","Penrith","2008",6.8,25.7,28.9,38.7
"892","Penrith","2009",6.7,24.7,31.5,37.1
"893","Penrith","2010",6.9,26.2,33.2,33.6
"894","Penrith","2011",8,27.9,30.3,33.7
"895","Penrith","2012",8.3,31.1,28.8,31.8
"896","Penrith","2013",6.6,33.5,29.8,30.1
"897","Penrith","2014",6.1,30.3,32,31.5
"898","Penrith","2015",8.3,28,31.6,32.1
"899","Penrith","2016",9.9,27.9,29.3,32.9
"900","Penrith","2017",8.1,28.7,31.3,31.9
"901","Port Macquarie-Hastings","2008",14.6,19.2,28.6,37.6
"902","Port Macquarie-Hastings","2009",14.2,19.8,30,36.1
"903","Port Macquarie-Hastings","2010",12.6,21.7,28.8,36.9
"904","Port Macquarie-Hastings","2011",13.3,23.9,26,36.7
"905","Port Macquarie-Hastings","2012",14,21,28.5,36.5
"906","Port Macquarie-Hastings","2013",13.8,16.9,35.3,34
"907","Port Macquarie-Hastings","2014",13.6,19.7,35.2,31.4
"908","Port Macquarie-Hastings","2015",13.6,20.1,30.1,36.2
"909","Port Macquarie-Hastings","2016",12.8,19.6,27.1,40.6
"910","Port Macquarie-Hastings","2017",13.6,23.3,25.4,37.7
"911","Port Stephens","2008",11.7,22.4,30.5,35.4
"912","Port Stephens","2009",12.5,21.9,30.1,35.4
"913","Port Stephens","2010",12.3,22.3,31,34.4
"914","Port Stephens","2011",12.1,25,29.8,33.1
"915","Port Stephens","2012",11.7,27.8,25.2,35.3
"916","Port Stephens","2013",11,28.4,25.6,35
"917","Port Stephens","2014",9.4,27.4,28.5,34.7
"918","Port Stephens","2015",8.6,25.8,28,37.6
"919","Port Stephens","2016",8.3,24.3,27.7,39.6
"920","Port Stephens","2017",8.8,25,26.4,39.8
"921","Queanbeyan-Palerang Regional","2008",14.1,21.2,26.9,37.8
"922","Queanbeyan-Palerang Regional","2009",14.5,21.3,26.2,38
"923","Queanbeyan-Palerang Regional","2010",14.6,22.1,26.5,36.9
"924","Queanbeyan-Palerang Regional","2011",14.7,24.4,24.8,36.1
"925","Queanbeyan-Palerang Regional","2012",13.4,26.8,22.7,37.1
"926","Queanbeyan-Palerang Regional","2013",11.6,27.5,23.8,37.1
"927","Queanbeyan-Palerang Regional","2014",10,28.2,24.9,36.9
"928","Queanbeyan-Palerang Regional","2015",9.7,26.1,25.2,39
"929","Queanbeyan-Palerang Regional","2016",11.4,24.8,25.2,38.5
"930","Queanbeyan-Palerang Regional","2017",10.5,26.1,24.7,38.7
"931","Randwick","2008",9.3,25.2,29.9,35.6
"932","Randwick","2009",9.1,24.9,29.2,36.9
"933","Randwick","2010",7.6,24.9,29.4,38.1
"934","Randwick","2011",8.1,25.9,28,38
"935","Randwick","2012",9,26.7,26.7,37.6
"936","Randwick","2013",7.5,25.6,29.7,37.2
"937","Randwick","2014",6.1,27,31.9,35.1
"938","Randwick","2015",5.6,27.5,30.7,36.2
"939","Randwick","2016",5.3,25.4,27.3,42.1
"940","Randwick","2017",6.9,23.5,22.5,47.1
"941","Richmond Valley","2008",14.4,19.8,27.5,38.3
"942","Richmond Valley","2009",13.3,19.5,29.6,37.6
"943","Richmond Valley","2010",12.5,18.2,31.9,37.4
"944","Richmond Valley","2011",11.9,22.3,29.1,36.7
"945","Richmond Valley","2012",12.8,26.6,25.3,35.3
"946","Richmond Valley","2013",14.1,27,25.5,33.3
"947","Richmond Valley","2014",12.2,25.7,26,36.1
"948","Richmond Valley","2015",11.8,24.4,25.6,38.3
"949","Richmond Valley","2016",12.2,24.3,23.4,40
"950","Richmond Valley","2017",11.8,24.8,21.1,42.3
"951","Rockdale","2008",9.3,25.2,29.9,35.6
"952","Rockdale","2009",9.1,24.9,29.2,36.9
"953","Rockdale","2010",7.6,24.9,29.4,38.1
"954","Rockdale","2011",8.1,25.9,28,38
"955","Rockdale","2012",9,26.7,26.7,37.6
"956","Rockdale","2013",7.5,25.6,29.7,37.2
"957","Rockdale","2014",6.1,27,31.9,35.1
"958","Rockdale","2015",5.6,27.5,30.7,36.2
"959","Rockdale","2016",5.3,25.4,27.3,42.1
"960","Rockdale","2017",6.9,23.5,22.5,47.1
"961","Ryde","2008",12.3,18.5,23.2,46.1
"962","Ryde","2009",12,19.4,23.1,45.5
"963","Ryde","2010",11.8,21.6,22.1,44.5
"964","Ryde","2011",11,20.5,21.3,47.3
"965","Ryde","2012",9.2,21.7,21.3,47.8
"966","Ryde","2013",7.7,23.7,24,44.6
"967","Ryde","2014",8.1,22.7,25.7,43.5
"968","Ryde","2015",8.2,23.6,27.4,40.8
"969","Ryde","2016",7.8,23.4,26.4,42.5
"970","Ryde","2017",7.3,23.6,20.7,48.5
"971","Shellharbour","2008",9.1,24.5,27.4,39
"972","Shellharbour","2009",8.5,27.1,24.9,39.5
"973","Shellharbour","2010",8.8,25.7,26.7,38.7
"974","Shellharbour","2011",10.7,23.9,26.8,38.6
"975","Shellharbour","2012",10.6,25.9,25.3,38.2
"976","Shellharbour","2013",8.9,26.1,26,39
"977","Shellharbour","2014",8.5,26.1,26.3,39.1
"978","Shellharbour","2015",8.4,26.3,25.7,39.5
"979","Shellharbour","2016",9,28.6,24.8,37.6
"980","Shellharbour","2017",9.3,28.4,21.8,40.5
"981","Shoalhaven","2008",9.1,24.5,27.4,39
"982","Shoalhaven","2009",8.5,27.1,24.9,39.5
"983","Shoalhaven","2010",8.8,25.7,26.7,38.7
"984","Shoalhaven","2011",10.7,23.9,26.8,38.6
"985","Shoalhaven","2012",10.6,25.9,25.3,38.2
"986","Shoalhaven","2013",8.9,26.1,26,39
"987","Shoalhaven","2014",8.5,26.1,26.3,39.1
"988","Shoalhaven","2015",8.4,26.3,25.7,39.5
"989","Shoalhaven","2016",9,28.6,24.8,37.6
"990","Shoalhaven","2017",9.3,28.4,21.8,40.5
"991","Singleton","2008",11.7,22.4,30.5,35.4
"992","Singleton","2009",12.5,21.9,30.1,35.4
"993","Singleton","2010",12.3,22.3,31,34.4
"994","Singleton","2011",12.1,25,29.8,33.1
"995","Singleton","2012",11.7,27.8,25.2,35.3
"996","Singleton","2013",11,28.4,25.6,35
"997","Singleton","2014",9.4,27.4,28.5,34.7
"998","Singleton","2015",8.6,25.8,28,37.6
"999","Singleton","2016",8.3,24.3,27.7,39.6
"1000","Singleton","2017",8.8,25,26.4,39.8
"1001","Snowy Monaro Regional","2008",14.1,21.2,26.9,37.8
"1002","Snowy Monaro Regional","2009",14.5,21.3,26.2,38
"1003","Snowy Monaro Regional","2010",14.6,22.1,26.5,36.9
"1004","Snowy Monaro Regional","2011",14.7,24.4,24.8,36.1
"1005","Snowy Monaro Regional","2012",13.4,26.8,22.7,37.1
"1006","Snowy Monaro Regional","2013",11.6,27.5,23.8,37.1
"1007","Snowy Monaro Regional","2014",10,28.2,24.9,36.9
"1008","Snowy Monaro Regional","2015",9.7,26.1,25.2,39
"1009","Snowy Monaro Regional","2016",11.4,24.8,25.2,38.5
"1010","Snowy Monaro Regional","2017",10.5,26.1,24.7,38.7
"1011","Snowy Valleys","2008",11.6,21.9,26.7,39.7
"1012","Snowy Valleys","2009",12.7,23,25.9,38.5
"1013","Snowy Valleys","2010",12.1,24.2,27.3,36.3
"1014","Snowy Valleys","2011",11,25.4,27.5,36.1
"1015","Snowy Valleys","2012",11,24.5,28.2,36.2
"1016","Snowy Valleys","2013",11.6,25.9,26.6,35.9
"1017","Snowy Valleys","2014",11.4,25.3,32.2,31.1
"1018","Snowy Valleys","2015",10.9,21.1,35.1,32.9
"1019","Snowy Valleys","2016",10,21.7,32.9,35.3
"1020","Snowy Valleys","2017",9.7,23,30.6,36.7
"1021","Strathfield","2008",7.2,23.4,30.5,39
"1022","Strathfield","2009",8,21.1,30.4,40.4
"1023","Strathfield","2010",8.5,19.5,32.8,39.2
"1024","Strathfield","2011",9,20.7,34.7,35.7
"1025","Strathfield","2012",7.6,23.6,33.9,34.9
"1026","Strathfield","2013",5.3,22.1,33.1,39.5
"1027","Strathfield","2014",6.7,21.6,33.8,37.9
"1028","Strathfield","2015",6.8,23.9,33,36.4
"1029","Strathfield","2016",6.7,23.7,30.7,38.9
"1030","Strathfield","2017",5.8,24.8,27.1,42.3
"1031","Sutherland Shire","2008",9.3,25.2,29.9,35.6
"1032","Sutherland Shire","2009",9.1,24.9,29.2,36.9
"1033","Sutherland Shire","2010",7.6,24.9,29.4,38.1
"1034","Sutherland Shire","2011",8.1,25.9,28,38
"1035","Sutherland Shire","2012",9,26.7,26.7,37.6
"1036","Sutherland Shire","2013",7.5,25.6,29.7,37.2
"1037","Sutherland Shire","2014",6.1,27,31.9,35.1
"1038","Sutherland Shire","2015",5.6,27.5,30.7,36.2
"1039","Sutherland Shire","2016",5.3,25.4,27.3,42.1
"1040","Sutherland Shire","2017",6.9,23.5,22.5,47.1
"1041","Sydney","2008",7.2,23.4,30.5,39
"1042","Sydney","2009",8,21.1,30.4,40.4
"1043","Sydney","2010",8.5,19.5,32.8,39.2
"1044","Sydney","2011",9,20.7,34.7,35.7
"1045","Sydney","2012",7.6,23.6,33.9,34.9
"1046","Sydney","2013",5.3,22.1,33.1,39.5
"1047","Sydney","2014",6.7,21.6,33.8,37.9
"1048","Sydney","2015",6.8,23.9,33,36.4
"1049","Sydney","2016",6.7,23.7,30.7,38.9
"1050","Sydney","2017",5.8,24.8,27.1,42.3
"1051","Tamworth Regional","2008",11.7,22.4,30.5,35.4
"1052","Tamworth Regional","2009",12.5,21.9,30.1,35.4
"1053","Tamworth Regional","2010",12.3,22.3,31,34.4
"1054","Tamworth Regional","2011",12.1,25,29.8,33.1
"1055","Tamworth Regional","2012",11.7,27.8,25.2,35.3
"1056","Tamworth Regional","2013",11,28.4,25.6,35
"1057","Tamworth Regional","2014",9.4,27.4,28.5,34.7
"1058","Tamworth Regional","2015",8.6,25.8,28,37.6
"1059","Tamworth Regional","2016",8.3,24.3,27.7,39.6
"1060","Tamworth Regional","2017",8.8,25,26.4,39.8
"1061","Temora","2008",11.6,21.9,26.7,39.7
"1062","Temora","2009",12.7,23,25.9,38.5
"1063","Temora","2010",12.1,24.2,27.3,36.3
"1064","Temora","2011",11,25.4,27.5,36.1
"1065","Temora","2012",11,24.5,28.2,36.2
"1066","Temora","2013",11.6,25.9,26.6,35.9
"1067","Temora","2014",11.4,25.3,32.2,31.1
"1068","Temora","2015",10.9,21.1,35.1,32.9
"1069","Temora","2016",10,21.7,32.9,35.3
"1070","Temora","2017",9.7,23,30.6,36.7
"1071","Tenterfield","2008",11.7,22.4,30.5,35.4
"1072","Tenterfield","2009",12.5,21.9,30.1,35.4
"1073","Tenterfield","2010",12.3,22.3,31,34.4
"1074","Tenterfield","2011",12.1,25,29.8,33.1
"1075","Tenterfield","2012",11.7,27.8,25.2,35.3
"1076","Tenterfield","2013",11,28.4,25.6,35
"1077","Tenterfield","2014",9.4,27.4,28.5,34.7
"1078","Tenterfield","2015",8.6,25.8,28,37.6
"1079","Tenterfield","2016",8.3,24.3,27.7,39.6
"1080","Tenterfield","2017",8.8,25,26.4,39.8
"1081","The Hills Shire","2008",6,24.3,38.4,31.3
"1082","The Hills Shire","2009",6.5,25,39.2,29.3
"1083","The Hills Shire","2010",6.3,30.1,39.1,24.6
"1084","The Hills Shire","2011",6.3,30.7,38.6,24.5
"1085","The Hills Shire","2012",5.9,28.1,41.4,24.7
"1086","The Hills Shire","2013",4.8,28.7,42.3,24.2
"1087","The Hills Shire","2014",3.9,26.9,45.5,23.7
"1088","The Hills Shire","2015",5.6,24.4,47.4,22.6
"1089","The Hills Shire","2016",5.5,27.6,43.3,23.7
"1090","The Hills Shire","2017",4.1,32.3,39.7,24
"1091","Tweed","2008",14.4,19.8,27.5,38.3
"1092","Tweed","2009",13.3,19.5,29.6,37.6
"1093","Tweed","2010",12.5,18.2,31.9,37.4
"1094","Tweed","2011",11.9,22.3,29.1,36.7
"1095","Tweed","2012",12.8,26.6,25.3,35.3
"1096","Tweed","2013",14.1,27,25.5,33.3
"1097","Tweed","2014",12.2,25.7,26,36.1
"1098","Tweed","2015",11.8,24.4,25.6,38.3
"1099","Tweed","2016",12.2,24.3,23.4,40
"1100","Tweed","2017",11.8,24.8,21.1,42.3
"1101","Unincorporated NSW","2008",11,26.3,30.2,32.4
"1102","Unincorporated NSW","2009",10.6,27,30.8,31.6
"1103","Unincorporated NSW","2010",9.4,23,31.5,36.1
"1104","Unincorporated NSW","2011",10.4,24.6,32.6,32.4
"1105","Unincorporated NSW","2012",8.9,27.9,30.9,32.3
"1106","Unincorporated NSW","2013",9.7,26.1,32.1,32.2
"1107","Unincorporated NSW","2014",9.3,22.3,39.2,29.2
"1108","Unincorporated NSW","2015",7.1,25.2,38,29.7
"1109","Unincorporated NSW","2016",6.9,30.4,30.6,32.1
"1110","Unincorporated NSW","2017",8.4,32.1,26.2,33.4
"1111","Upper Hunter Shire","2008",11.7,22.4,30.5,35.4
"1112","Upper Hunter Shire","2009",12.5,21.9,30.1,35.4
"1113","Upper Hunter Shire","2010",12.3,22.3,31,34.4
"1114","Upper Hunter Shire","2011",12.1,25,29.8,33.1
"1115","Upper Hunter Shire","2012",11.7,27.8,25.2,35.3
"1116","Upper Hunter Shire","2013",11,28.4,25.6,35
"1117","Upper Hunter Shire","2014",9.4,27.4,28.5,34.7
"1118","Upper Hunter Shire","2015",8.6,25.8,28,37.6
"1119","Upper Hunter Shire","2016",8.3,24.3,27.7,39.6
"1120","Upper Hunter Shire","2017",8.8,25,26.4,39.8
"1121","Upper Lachlan Shire","2008",14.1,21.2,26.9,37.8
"1122","Upper Lachlan Shire","2009",14.5,21.3,26.2,38
"1123","Upper Lachlan Shire","2010",14.6,22.1,26.5,36.9
"1124","Upper Lachlan Shire","2011",14.7,24.4,24.8,36.1
"1125","Upper Lachlan Shire","2012",13.4,26.8,22.7,37.1
"1126","Upper Lachlan Shire","2013",11.6,27.5,23.8,37.1
"1127","Upper Lachlan Shire","2014",10,28.2,24.9,36.9
"1128","Upper Lachlan Shire","2015",9.7,26.1,25.2,39
"1129","Upper Lachlan Shire","2016",11.4,24.8,25.2,38.5
"1130","Upper Lachlan Shire","2017",10.5,26.1,24.7,38.7
"1131","Uralla","2008",11.7,22.4,30.5,35.4
"1132","Uralla","2009",12.5,21.9,30.1,35.4
"1133","Uralla","2010",12.3,22.3,31,34.4
"1134","Uralla","2011",12.1,25,29.8,33.1
"1135","Uralla","2012",11.7,27.8,25.2,35.3
"1136","Uralla","2013",11,28.4,25.6,35
"1137","Uralla","2014",9.4,27.4,28.5,34.7
"1138","Uralla","2015",8.6,25.8,28,37.6
"1139","Uralla","2016",8.3,24.3,27.7,39.6
"1140","Uralla","2017",8.8,25,26.4,39.8
"1141","Wagga Wagga","2008",11.6,21.9,26.7,39.7
"1142","Wagga Wagga","2009",12.7,23,25.9,38.5
"1143","Wagga Wagga","2010",12.1,24.2,27.3,36.3
"1144","Wagga Wagga","2011",11,25.4,27.5,36.1
"1145","Wagga Wagga","2012",11,24.5,28.2,36.2
"1146","Wagga Wagga","2013",11.6,25.9,26.6,35.9
"1147","Wagga Wagga","2014",11.4,25.3,32.2,31.1
"1148","Wagga Wagga","2015",10.9,21.1,35.1,32.9
"1149","Wagga Wagga","2016",10,21.7,32.9,35.3
"1150","Wagga Wagga","2017",9.7,23,30.6,36.7
"1151","Walcha","2008",11.7,22.4,30.5,35.4
"1152","Walcha","2009",12.5,21.9,30.1,35.4
"1153","Walcha","2010",12.3,22.3,31,34.4
"1154","Walcha","2011",12.1,25,29.8,33.1
"1155","Walcha","2012",11.7,27.8,25.2,35.3
"1156","Walcha","2013",11,28.4,25.6,35
"1157","Walcha","2014",9.4,27.4,28.5,34.7
"1158","Walcha","2015",8.6,25.8,28,37.6
"1159","Walcha","2016",8.3,24.3,27.7,39.6
"1160","Walcha","2017",8.8,25,26.4,39.8
"1161","Walgett","2008",10.1,26.8,29.9,33.2
"1162","Walgett","2009",11.8,23.7,30.1,34.3
"1163","Walgett","2010",11.6,23.6,29.9,34.9
"1164","Walgett","2011",10.1,26.3,29.2,34.4
"1165","Walgett","2012",9.1,30,28.4,32.5
"1166","Walgett","2013",8.3,30.3,28.9,32.5
"1167","Walgett","2014",8.4,28.2,30.3,33.1
"1168","Walgett","2015",9.2,29.7,29.6,31.6
"1169","Walgett","2016",10.5,29.6,25.4,34.6
"1170","Walgett","2017",11.8,28.5,24.6,35.1
"1171","Warren","2008",10.1,26.8,29.9,33.2
"1172","Warren","2009",11.8,23.7,30.1,34.3
"1173","Warren","2010",11.6,23.6,29.9,34.9
"1174","Warren","2011",10.1,26.3,29.2,34.4
"1175","Warren","2012",9.1,30,28.4,32.5
"1176","Warren","2013",8.3,30.3,28.9,32.5
"1177","Warren","2014",8.4,28.2,30.3,33.1
"1178","Warren","2015",9.2,29.7,29.6,31.6
"1179","Warren","2016",10.5,29.6,25.4,34.6
"1180","Warren","2017",11.8,28.5,24.6,35.1
"1181","Warrumbungle Shire","2008",10.1,26.8,29.9,33.2
"1182","Warrumbungle Shire","2009",11.8,23.7,30.1,34.3
"1183","Warrumbungle Shire","2010",11.6,23.6,29.9,34.9
"1184","Warrumbungle Shire","2011",10.1,26.3,29.2,34.4
"1185","Warrumbungle Shire","2012",9.1,30,28.4,32.5
"1186","Warrumbungle Shire","2013",8.3,30.3,28.9,32.5
"1187","Warrumbungle Shire","2014",8.4,28.2,30.3,33.1
"1188","Warrumbungle Shire","2015",9.2,29.7,29.6,31.6
"1189","Warrumbungle Shire","2016",10.5,29.6,25.4,34.6
"1190","Warrumbungle Shire","2017",11.8,28.5,24.6,35.1
"1191","Waverley","2008",9.3,25.2,29.9,35.6
"1192","Waverley","2009",9.1,24.9,29.2,36.9
"1193","Waverley","2010",7.6,24.9,29.4,38.1
"1194","Waverley","2011",8.1,25.9,28,38
"1195","Waverley","2012",9,26.7,26.7,37.6
"1196","Waverley","2013",7.5,25.6,29.7,37.2
"1197","Waverley","2014",6.1,27,31.9,35.1
"1198","Waverley","2015",5.6,27.5,30.7,36.2
"1199","Waverley","2016",5.3,25.4,27.3,42.1
"1200","Waverley","2017",6.9,23.5,22.5,47.1
"1201","Weddin","2008",10.1,26.8,29.9,33.2
"1202","Weddin","2009",11.8,23.7,30.1,34.3
"1203","Weddin","2010",11.6,23.6,29.9,34.9
"1204","Weddin","2011",10.1,26.3,29.2,34.4
"1205","Weddin","2012",9.1,30,28.4,32.5
"1206","Weddin","2013",8.3,30.3,28.9,32.5
"1207","Weddin","2014",8.4,28.2,30.3,33.1
"1208","Weddin","2015",9.2,29.7,29.6,31.6
"1209","Weddin","2016",10.5,29.6,25.4,34.6
"1210","Weddin","2017",11.8,28.5,24.6,35.1
"1211","Wentworth","2008",11,26.3,30.2,32.4
"1212","Wentworth","2009",10.6,27,30.8,31.6
"1213","Wentworth","2010",9.4,23,31.5,36.1
"1214","Wentworth","2011",10.4,24.6,32.6,32.4
"1215","Wentworth","2012",8.9,27.9,30.9,32.3
"1216","Wentworth","2013",9.7,26.1,32.1,32.2
"1217","Wentworth","2014",9.3,22.3,39.2,29.2
"1218","Wentworth","2015",7.1,25.2,38,29.7
"1219","Wentworth","2016",6.9,30.4,30.6,32.1
"1220","Wentworth","2017",8.4,32.1,26.2,33.4
"1221","Western Plains Regional","2008",10.1,26.8,29.9,33.2
"1222","Western Plains Regional","2009",11.8,23.7,30.1,34.3
"1223","Western Plains Regional","2010",11.6,23.6,29.9,34.9
"1224","Western Plains Regional","2011",10.1,26.3,29.2,34.4
"1225","Western Plains Regional","2012",9.1,30,28.4,32.5
"1226","Western Plains Regional","2013",8.3,30.3,28.9,32.5
"1227","Western Plains Regional","2014",8.4,28.2,30.3,33.1
"1228","Western Plains Regional","2015",9.2,29.7,29.6,31.6
"1229","Western Plains Regional","2016",10.5,29.6,25.4,34.6
"1230","Western Plains Regional","2017",11.8,28.5,24.6,35.1
"1231","Willoughby","2008",12.3,18.5,23.2,46.1
"1232","Willoughby","2009",12,19.4,23.1,45.5
"1233","Willoughby","2010",11.8,21.6,22.1,44.5
"1234","Willoughby","2011",11,20.5,21.3,47.3
"1235","Willoughby","2012",9.2,21.7,21.3,47.8
"1236","Willoughby","2013",7.7,23.7,24,44.6
"1237","Willoughby","2014",8.1,22.7,25.7,43.5
"1238","Willoughby","2015",8.2,23.6,27.4,40.8
"1239","Willoughby","2016",7.8,23.4,26.4,42.5
"1240","Willoughby","2017",7.3,23.6,20.7,48.5
"1241","Wingecarribee","2008",6.1,24.4,43.8,25.7
"1242","Wingecarribee","2009",6.5,24.2,42.6,26.7
"1243","Wingecarribee","2010",6.1,24.8,43.4,25.7
"1244","Wingecarribee","2011",6,27.7,41.2,25.1
"1245","Wingecarribee","2012",5.3,29.6,43.7,21.3
"1246","Wingecarribee","2013",4.7,28.9,47.6,18.8
"1247","Wingecarribee","2014",4.9,27.5,46.9,20.7
"1248","Wingecarribee","2015",4.1,25.8,47.4,22.7
"1249","Wingecarribee","2016",4.2,26.4,46.1,23.3
"1250","Wingecarribee","2017",5,29.7,42.3,23
"1251","Wollondilly","2008",6.1,24.4,43.8,25.7
"1252","Wollondilly","2009",6.5,24.2,42.6,26.7
"1253","Wollondilly","2010",6.1,24.8,43.4,25.7
"1254","Wollondilly","2011",6,27.7,41.2,25.1
"1255","Wollondilly","2012",5.3,29.6,43.7,21.3
"1256","Wollondilly","2013",4.7,28.9,47.6,18.8
"1257","Wollondilly","2014",4.9,27.5,46.9,20.7
"1258","Wollondilly","2015",4.1,25.8,47.4,22.7
"1259","Wollondilly","2016",4.2,26.4,46.1,23.3
"1260","Wollondilly","2017",5,29.7,42.3,23
"1261","Wollongong","2008",9.1,24.5,27.4,39
"1262","Wollongong","2009",8.5,27.1,24.9,39.5
"1263","Wollongong","2010",8.8,25.7,26.7,38.7
"1264","Wollongong","2011",10.7,23.9,26.8,38.6
"1265","Wollongong","2012",10.6,25.9,25.3,38.2
"1266","Wollongong","2013",8.9,26.1,26,39
"1267","Wollongong","2014",8.5,26.1,26.3,39.1
"1268","Wollongong","2015",8.4,26.3,25.7,39.5
"1269","Wollongong","2016",9,28.6,24.8,37.6
"1270","Wollongong","2017",9.3,28.4,21.8,40.5
"1271","Woollahra","2008",7.2,23.4,30.5,39
"1272","Woollahra","2009",8,21.1,30.4,40.4
"1273","Woollahra","2010",8.5,19.5,32.8,39.2
"1274","Woollahra","2011",9,20.7,34.7,35.7
"1275","Woollahra","2012",7.6,23.6,33.9,34.9
"1276","Woollahra","2013",5.3,22.1,33.1,39.5
"1277","Woollahra","2014",6.7,21.6,33.8,37.9
"1278","Woollahra","2015",6.8,23.9,33,36.4
"1279","Woollahra","2016",6.7,23.7,30.7,38.9
"1280","Woollahra","2017",5.8,24.8,27.1,42.3
"1281","Yass Valley","2008",14.1,21.2,26.9,37.8
"1282","Yass Valley","2009",14.5,21.3,26.2,38
"1283","Yass Valley","2010",14.6,22.1,26.5,36.9
"1284","Yass Valley","2011",14.7,24.4,24.8,36.1
"1285","Yass Valley","2012",13.4,26.8,22.7,37.1
"1286","Yass Valley","2013",11.6,27.5,23.8,37.1
"1287","Yass Valley","2014",10,28.2,24.9,36.9
"1288","Yass Valley","2015",9.7,26.1,25.2,39
"1289","Yass Valley","2016",11.4,24.8,25.2,38.5
"1290","Yass Valley","2017",10.5,26.1,24.7,38.7
